,time,flux,flux_err
0,0.18747807786741497,0.9973326940810611,0.0031861302677853153
1,0.5624342336022449,0.9978152066157886,0.003185734366086597
2,0.9373903893370747,0.9999732457900243,0.0031858080597451897
3,1.3123465450719047,0.9970061016818439,0.0031860624911358064
4,1.6873027008067345,0.9993936447861776,0.0031855573937239912
5,2.0622588565415643,1.000943537703036,0.0031851665125178295
6,2.4372150122763947,0.9987056617459569,0.00318510160472121
7,2.8121711680112242,1.0002694020825542,0.003184922301415632
8,3.1871273237460542,1.0005814233525179,0.0031849916917948903
9,3.562083479480884,0.9998582683699941,0.0031851869530946653
10,3.9370396352157138,0.9986165232161774,0.003185328961312684
11,4.311995790950544,0.9980529745329253,0.00318486313132479
12,4.686951946685374,0.9980440323139966,0.00318451922758469
13,5.061908102420204,0.9978716079621248,0.003184388515474923
14,5.436864258155034,0.9975305967351229,0.0031846694837547648
15,5.811820413889865,0.997498672668856,0.0031850207389303936
16,6.186776569624694,0.9981755096466618,0.003184222480613957
17,6.561732725359524,0.9964699240566666,0.003183792152680568
18,6.936688881094354,0.9963794169391402,0.0031840693555909927
19,7.311645036829184,0.9991409462090961,0.0031838956106878865
20,7.686601192564013,0.9982064412213296,0.003184027577920793
21,8.061557348298843,1.000607972129547,0.003184417562610427
22,8.436513504033673,1.0002969162039803,0.003184535902792109
23,8.811469659768504,1.0017621370828063,0.0031841568556041154
24,9.186425815503334,1.0054072934904996,0.0031836865430335823
25,9.561381971238164,1.0041760327380311,0.0031840740174769377
26,9.936338126972993,1.0029544172541505,0.003185044406966731
27,10.311294282707824,1.0032398155693016,0.003184527116930135
28,10.686250438442654,1.0045908519783207,0.0031840763484199106
29,11.061206594177483,1.0066939657080298,0.003183905472369694
30,11.436162749912313,1.0065831575121984,0.0031840125164431243
31,11.811118905647142,1.0069366111169908,0.0031840236332480705
32,12.186075061381972,1.0046148061503049,0.0031842151291784286
33,12.561031217116804,1.0029993235175623,0.003184294201936188
34,12.935987372851633,1.0037206078138827,0.0031842203289742903
35,13.310943528586463,1.0045408395602125,0.0031842305492627075
36,13.685899684321292,1.004523735450341,0.003184144842282641
37,14.060855840056123,1.005201860000991,0.0031837329825897273
38,14.435811995790951,1.005613717351501,0.003183299247893532
39,14.810768151525783,1.0044312288962152,0.003183629524582408
40,15.185724307260612,1.0051200775803673,0.0031834003749578784
41,15.560680462995442,1.0058245932508492,0.0031832190993159384
42,15.935636618730271,1.0044027300372327,0.00318336343847693
43,16.310592774465103,1.0036363376782556,0.003183895252081276
44,16.685548930199932,1.008038053621167,0.003184050170137296
45,17.06050508593476,1.0054206400784786,0.003184041384275323
46,17.43546124166959,1.0065864197700702,0.003183945457006838
47,17.81041739740442,1.0058504519529128,0.003183842536909436
48,18.185373553139254,1.004544106331138,0.003184111491867804
49,18.560329708874082,1.0050936392179448,0.0031839653596737573
50,18.93528586460891,1.0061218532976275,0.0031834954057098352
51,19.31024202034374,1.0066334317983396,0.0031838482746152147
52,19.685198176078572,1.0053300489832677,0.003183601194660127
53,20.0601543318134,1.0080957341502723,0.0031832615941993605
54,20.435110487548233,1.0042631141500031,0.0031830735050318087
55,20.81006664328306,1.0042800588377103,0.0031827767580610757
56,21.18502279901789,1.0054367892772027,0.0031827287047751797
57,21.559978954752722,1.0041954007601768,0.0031829508615707925
58,21.934935110487547,1.006703559218289,0.003183234519400218
59,22.30989126622238,1.004593657050894,0.0031828570859419748
60,22.684847421957212,1.00527122253216,0.0031829790121897686
61,23.05980357769204,1.0086944071807795,0.003182882726314672
62,23.43475973342687,1.0064615761037423,0.003182636542876113
63,23.809715889161698,1.0066663150025486,0.0031829653851385446
64,24.18467204489653,1.0053879796088951,0.0031825886688935236
65,24.559628200631362,1.0072572786023475,0.003182322403484739
66,28.309189757979656,1.0091154502878288,0.0031832533462473034
67,28.684145913714488,1.007642602543469,0.003183125861597037
68,29.05910206944932,1.0074021367220083,0.0031829268349278447
69,29.43405822518415,1.0082772021095723,0.003182828576716388
70,29.809014380918978,1.0079432475378738,0.0031828644373775032
71,30.183970536653806,1.009307553471239,0.0031826360049661967
72,30.55892669238864,1.0113112505105541,0.0031824488123151718
73,30.93388284812347,1.0099243557492779,0.003182533084868794
74,31.3088390038583,1.0114079478629745,0.0031823354926260464
75,31.683795159593128,1.0093732012154204,0.003182188822522083
76,32.05875131532796,1.008780244454358,0.0031844986077045486
77,32.43370747106279,1.0095561163844229,0.0031890695868736683
78,32.80866362679762,1.0091959182692976,0.0031841184846967217
79,33.183619782532446,1.0086250610003726,0.0031822609024509257
80,33.558575938267275,1.0089252000192992,0.0031823579055392437
81,33.93353209400211,1.0080460629932628,0.0031822028081799174
82,34.30848824973694,1.0078902523581195,0.00318208877127757
83,34.68344440547177,1.0060382675922939,0.0031830751187615584
84,35.0584005612066,1.0058246126332735,0.0031836763227451647
85,35.433356716941425,1.008368910211933,0.003182674913783507
86,35.80831287267626,1.005347881519667,0.0031820204567181445
87,36.18326902841109,1.0056162001213786,0.0031820737097999017
88,36.55822518414592,1.0044887457656269,0.0031823175622954884
89,36.93318133988075,1.0048610547230967,0.0031823372856591018
90,37.308137495615576,1.0064303801831118,0.003182011132946254
91,37.68309365135041,1.0063234218026837,0.0031822365172013665
92,38.05804980708523,1.0028841643856246,0.003182389462921026
93,38.43300596282007,1.0046737698715955,0.0031819772446215
94,38.8079621185549,1.003146361569129,0.0031815187660691347
95,39.182918274289726,1.0027991245699552,0.00318175096384986
96,39.557874430024555,1.0028983210591171,0.0031819370806810505
97,39.93283058575938,1.0032392560651617,0.003181346276289168
98,40.30778674149422,1.0018740080548967,0.003180980676849093
99,40.68274289722905,1.0027488690355741,0.003181158725031533
100,41.057699052963876,1.0029055277580208,0.0031815806257095595
101,41.432655208698705,1.0015872100562095,0.003181880958746404
102,41.807611364433534,1.0016042379451235,0.003181458878765072
103,42.18256752016837,1.0024568805547331,0.003181589052964922
104,42.5575236759032,1.0026298072859534,0.003181599093950034
105,42.93247983163803,1.0018605568266938,0.0031810018346391513
106,43.307435987372855,1.0022115631192707,0.0031814895396303253
107,43.68239214310768,1.0018819833764727,0.0031815678951748632
108,44.057348298842506,1.00263993716525,0.0031814339556055964
109,44.43230445457734,1.0016038871596475,0.003181363848013115
110,44.80726061031217,0.9998932692402824,0.0031813141809974694
111,45.182216766047,1.0016602765913436,0.003181687311176379
112,45.557172921781834,1.0009103279505516,0.0031818544218571785
113,45.93212907751666,1.000239659349968,0.003181366716866004
114,46.30708523325149,0.9980823890104153,0.0031816177414938146
115,46.68204138898631,1.001106225035807,0.003181787362420892
116,47.05699754472115,0.9998858366981586,0.003181761004834972
117,47.43195370045598,0.9981102362202432,0.003181557674886446
118,47.806909856190806,1.0003562837277205,0.0031816874904796837
119,48.18186601192564,1.0008719223736027,0.003181385902319701
120,48.55682216766047,0.9978697321822986,0.003181035364357295
121,48.9317783233953,0.9971535295011136,0.003181008468861458
122,49.306734479130135,0.9990803056052731,0.003180976552873065
123,49.681690634864964,1.000632395525814,0.0031811533459323656
124,50.056646790599785,0.9995154836712732,0.003181368868505671
125,50.431602946334614,0.9994424172050203,0.003181522531438552
126,50.80655910206945,0.9992919899656141,0.00318254581540349
127,51.18151525780428,1.0009830862177365,0.00318232598955085
128,51.55647141353911,1.002361567510157,0.0031818709177612913
129,51.93142756927394,1.0015356014421681,0.0031819017579298513
130,52.30638372500877,1.0006227643581709,0.00318136564104617
131,52.6813398807436,1.0019127700512582,0.0031813283459586105
132,53.05629603647842,1.0013293231805944,0.003181407598019676
133,53.43125219221326,1.0006227347437728,0.003181315974030525
134,53.806208347948086,1.0004211393670381,0.0031813659996527814
135,54.181164503682915,1.0005300689794936,0.003181577577553365
136,54.55612065941775,0.9996264475500091,0.003181780190288669
137,54.93107681515258,0.9999899935940922,0.003181824298901841
138,55.30603297088741,1.0025386828533676,0.003181614872640925
139,55.680989126622244,1.001879212280171,0.0031817201236812994
140,56.05594528235707,0.9989387221510267,0.0031821626442394683
141,56.430901438091894,1.0017073869764495,0.003182925579804706
142,56.80585759382672,1.000543524013153,0.003183153295002791
143,60.93037530690986,1.001334933543119,0.003180995200416845
144,61.30533146264469,0.999591005201101,0.0031815142834864954
145,61.680287618379516,1.0036327270833176,0.0031818456359952044
146,62.05524377411435,1.0031494689814042,0.003181880241533182
147,62.43019992984918,1.003300320969375,0.003181695021218519
148,62.805156085584,1.0027428693078984,0.003181464257864239
149,63.18011224131883,1.0031669318428054,0.003181386440229618
150,63.55506839705367,1.004866578704255,0.003181511952543523
151,63.930024552788495,1.0032372690996185,0.003181862311202624
152,64.30498070852333,1.004147931037604,0.0031820023470842808
153,64.67993686425815,1.005015341426627,0.0031821753747741646
154,65.05489301999299,1.004645860955041,0.0031822967631120413
155,65.42984917572782,1.005562260598805,0.0031821927671948054
156,65.80480533146265,1.0029881593841474,0.003182060620658594
157,66.17976148719747,1.004241022395807,0.003182031752826396
158,66.5547176429323,1.0058985919726307,0.0031820195602016163
159,66.92967379866714,1.0046461745098376,0.0031818492220613164
160,67.30462995440196,1.0049361002362502,0.0031820659997577614
161,67.6795861101368,1.0033177987770794,0.0031820667169709838
162,68.05454226587163,1.0033014938212022,0.0031819731206454713
163,68.42949842160645,1.003364987079228,0.0031823103901632652
164,68.80445457734129,1.0038686473697376,0.00318242335124578
165,69.17941073307611,1.002918569525684,0.003182088233367653
166,69.55436688881095,1.004339831152389,0.003181748812210192
167,69.92932304454577,1.0026702030506491,0.003181952680068635
168,70.3042792002806,1.002356559781178,0.0031814812916782687
169,70.67923535601544,1.0037759559396466,0.003181542972015388
170,71.05419151175026,1.003226851749991,0.003182104370665155
171,71.4291476674851,1.0035655689520508,0.003182680292882674
172,71.80410382321993,1.0061499158932727,0.0031823272446739894
173,72.17905997895475,1.0036171971632113,0.0031820102364297264
174,72.55401613468958,1.005691924849543,0.0031820062917570033
175,72.92897229042441,1.0019670175394195,0.003182438054116837
176,73.30392844615925,1.0034680185752523,0.0031826268604976116
177,73.67888460189407,1.0023972421762133,0.0031826661279215334
178,74.0538407576289,1.0003571065624985,0.0031828079568362463
179,74.42879691336374,1.0039059969941289,0.003183398940531434
180,74.80375306909856,1.0010028292044113,0.0031826806514892855
181,75.1787092248334,1.0036870554486195,0.0031824396678465866
182,75.55366538056822,1.0025671960172535,0.0031825915377464127
183,75.92862153630305,0.999941716335501,0.003182388566404497
184,76.30357769203788,1.0028132067713544,0.0031828692785667544
185,76.67853384777271,1.0014492588846062,0.0031830066248988275
186,77.05349000350755,1.0007102199581945,0.003182928090050984
187,77.42844615924237,1.0022763722817403,0.003183183417958128
188,77.8034023149772,1.000600026040392,0.0031829377724294852
189,78.17835847071204,1.00153049274066,0.003182627936317445
190,78.55331462644686,1.00232463747451,0.0031825060100696516
191,78.92827078218168,1.001708203819467,0.003182771378961908
192,79.30322693791652,1.0021173925991596,0.0031826609281256717
193,79.67818309365136,1.002252525776275,0.003182580062334855
194,80.05313924938618,1.00199913649088,0.003182623991644722
195,80.42809540512101,1.0004413020247567,0.0031827720961751307
196,80.80305156085585,0.9985665500424022,0.003182302321514514
197,81.17800771659067,0.999318116874561,0.0031820943296800427
198,81.5529638723255,1.0018943517750727,0.003182245482366646
199,81.92792002806033,1.0006801535318721,0.003182663259068644
200,82.30287618379516,0.9994925283932519,0.00318300285952941
201,82.67783233952999,1.000216243502529,0.003182979191493074
202,83.05278849526482,1.0024606405250354,0.003182749324655322
203,83.42774465099966,0.9980298114451124,0.0031826919475975374
204,83.80270080673448,1.0029587371973419,0.0031830620296202515
205,84.17765696246931,0.9999658191385762,0.0031832841864158634
206,84.55261311820415,1.0014484532405814,0.003183286158752225
207,84.92756927393897,1.0027917821216206,0.0031831402058614838
208,85.30252542967379,1.0029280185600822,0.003183610159825406
209,85.67748158540864,1.0069483526019058,0.003183618945687379
210,86.05243774114346,1.0039116961971641,0.0031833080337555055
211,86.4273938968783,1.0054401467698981,0.0031832879517852803
212,86.80235005261312,1.003621889137671,0.0031832863380555306
213,87.17730620834794,1.0059094109330369,0.0031834573934090525
214,87.55226236408278,1.0059854283602339,0.0031836028083898765
215,87.9272185198176,1.004984739826399,0.003183256215100193
216,88.30217467555245,1.0067509440748794,0.0031833390532273707
217,93.92651701157489,1.0020172973906165,0.0031701453780929676
218,94.67642932304454,1.0025330057701094,0.0031707413822807114
219,95.05138547877938,1.0018849270548065,0.0031705656650412445
220,95.4263416345142,1.000352415772436,0.003170509184499988
221,95.80129779024905,0.9986199714440609,0.0031703463770985218
222,96.17625394598387,0.9963151794888669,0.0031703463770985218
223,96.5512101017187,0.9950433036766595,0.0031701441229698285
224,96.92616625745353,0.9953699777956923,0.0031698070327553407
225,97.30112241318835,0.9939973627474362,0.0031699662540906944
226,97.67607856892319,0.9927850864504979,0.003169839665956956
227,98.05103472465801,0.992530706154894,0.0031702422018779802
228,98.42599088039286,0.9934331956255578,0.00317095923579699
229,98.80094703612768,0.9921696032624295,0.00317037685866047
230,99.17590319186252,0.9946220014442975,0.0031704256291595874
231,99.55085934759734,0.9946709415537189,0.0031706196353362237
232,99.92581550333216,0.995774044345451,0.0031707646917104367
233,100.300771659067,0.9974971594987956,0.0031708532675433928
234,100.67572781480182,0.9974028299939599,0.0031710300606026935
235,101.05068397053667,0.9945453277144468,0.0031712136671876064
236,101.42564012627149,0.9942234449232498,0.003171472401857556
237,101.80059628200632,0.9974799755718369,0.003171960824061953
238,102.17555243774115,0.9932536508765327,0.003171864538186857
239,102.55050859347598,0.9942117401439075,0.00317158823179296
240,102.9254647492108,0.9939821573136459,0.0031712886159693376
241,103.30042090494563,0.9934530368393582,0.003171089589300146
242,103.67537706068047,0.9964396717310032,0.0031708111312665817
243,104.0503332164153,0.989765126608551,0.00317047906154465
244,104.42528937215013,0.9875591569490997,0.0031706185595163903
245,104.80024552788495,0.9905361544693301,0.0031710291640861654
246,105.17520168361979,0.9882770429017627,0.003171243072929721
247,105.55015783935461,0.988764594041196,0.0031790641038157617
248,105.92511399508943,0.9892866381172484,0.003188645355252669
249,106.30007015082428,0.9883042309892844,0.0031747493490703136
250,106.6750263065591,0.9871638633935208,0.0031721602093377566
251,107.04998246229394,0.987881617916581,0.0031724942513960495
252,107.42493861802876,0.9885106065530087,0.0031722659982880478
253,107.7998947737636,0.9858867687541416,0.0031718263465827685
254,108.17485092949842,0.9864378665979633,0.003171334159008955
255,108.54980708523327,0.9889460686309722,0.00317127839568092
256,108.92476324096809,0.987826968374834,0.003171760542269621
257,109.29971939670291,0.9868926182961779,0.0031721776017583974
258,109.67467555243775,0.9894780873247543,0.003172396531094509
259,110.04963170817257,0.9879251098310456,0.0031724958651258
260,110.4245878639074,0.9863531525353064,0.003172473990122519
261,110.79954401964223,0.989997295158196,0.003172307955261553
262,111.17450017537708,0.9880731965793964,0.0031719179705719195
263,111.5494563311119,0.9894108211056309,0.003172007263618098
264,111.92441248684673,0.9892657184571874,0.0031725232985315537
265,112.29936864258156,0.9912244091086041,0.003172386310806091
266,112.67432479831638,0.9902323771598978,0.003172384697076341
267,113.04928095405121,0.9879084501411064,0.0031726330321545674
268,113.42423710978603,0.9903093803793365,0.0031730818283284314
269,113.79919326552088,0.9896917262058537,0.0031733168949620453
270,114.1741494212557,0.9914108290899679,0.003173706521045068
271,114.54910557699054,0.9912687010939868,0.0031736050353741102
272,114.92406173272536,0.9918220359202576,0.003173109620340796
273,115.2990178884602,0.9922186390467979,0.0031734085189511953
274,115.67397404419502,0.9927990829199813,0.003173506418556042
275,116.04893019992984,0.9899126916532753,0.003173755829454102
276,116.42388635566469,0.9896440488488234,0.0031740443284727785
277,116.79884251139951,0.9918333242695458,0.0031735605681543267
278,117.17379866713435,0.9919306007867388,0.003173792945238357
279,117.54875482286917,0.9910089839376398,0.003173911823329955
280,117.923710978604,0.992283172388787,0.003173766766955742
281,118.29866713433883,0.9932183128073409,0.00317399842682655
282,118.67362329007365,0.9915593943141376,0.0031741128223355093
283,119.0485794458085,0.9902468919488883,0.0031741637444742937
284,119.42353560154332,0.9901716760024356,0.003174313462734452
285,119.79849175727816,0.9888445871376084,0.0031740927403652846
286,120.17344791301298,0.9883302407180699,0.0031741092362693978
287,123.9230094703613,0.9912803019380183,0.003175182007946676
288,124.29796562609611,0.9906793724630211,0.003175072812233578
289,124.67292178183095,0.9905998942912619,0.0031757062908121876
290,125.04787793756577,0.9888901002747789,0.0031755859782941443
291,125.4228340933006,0.9867203697887967,0.003175369738507617
292,125.79779024903543,0.9865565369419422,0.0031753516288737533
293,126.17274640477025,0.9873738141311981,0.003174863027366051
294,126.5477025605051,0.9864847835023346,0.0031752854659539945
295,126.92265871623992,0.9858929554564195,0.0031760372847142865
296,127.29761487197476,0.986396803654557,0.003176568739712022
297,127.67257102770958,0.9885351741496125,0.0031759546258904145
298,128.04752718344443,0.9890771332647917,0.0031761115162827957
299,128.42248333917925,0.9924305140601706,0.003176745174164711
300,128.79743949491407,0.9918143059647722,0.003177489641489474
301,129.1723956506489,0.9939708287628458,0.0031774654355432213
302,129.54735180638372,0.9963324064128364,0.003177400886353212
303,129.92230796211857,0.9948893049095258,0.0031774076998788247
304,130.2972641178534,0.9949157053363561,0.003177503089237393
305,130.67222027358824,0.9915607378667373,0.003177449118942414
306,131.04717642932306,0.9902980196091806,0.0031775281917001737
307,131.42213258505788,0.9921912502120329,0.0031778557788394663
308,131.7970887407927,0.9900562629712026,0.0031782636938596583
309,132.17204489652752,0.9891801032768349,0.003177958519633563
310,132.54700105226237,0.9887442886511131,0.003178165794254812
311,132.9219572079972,0.9906630864709146,0.003178492664180882
312,133.29691336373205,0.9903454603346011,0.0031786995801955193
313,133.67186951946687,0.9933300233768299,0.003179116639684296
314,134.0468256752017,0.9962176381936383,0.0031795995034862197
315,134.4217818309365,0.9977281263452747,0.003180030727936137
316,134.79673798667133,0.9980013669995118,0.0031803419984746213
317,135.17169414240618,0.9969222655507902,0.0031804528079174693
318,135.546650298141,0.9993108459194355,0.003181059749606853
319,135.92160645387585,0.9985561149053497,0.003181323325466054
320,136.29656260961067,0.9941019324638757,0.0031808926389260543
321,136.6715187653455,0.9948298830752782,0.0031802885660895588
322,137.04647492108032,0.992781649945819,0.003179842100858668
323,137.42143107681517,0.9918275390322333,0.003179917408247011
324,137.79638723255,0.9930307992160353,0.0031805596726875948
325,138.1713433882848,0.9922080918124722,0.0031805354667413404
326,138.54629954401966,0.9950485946885352,0.0031809051901574444
327,138.92125569975448,0.996391251896596,0.003181316153333831
328,139.2962118554893,0.9963993289644955,0.003181475374669185
329,139.67116801122413,1.0004731090217875,0.0031812481973810163
330,140.04612416695898,0.9979758640146313,0.0031812114402033726
331,140.4210803226938,0.994663301416498,0.0031810979412109416
332,140.79603647842865,0.995163112596517,0.0031809102106500004
333,141.17099263416347,0.9956083840187312,0.0031815456615649712
334,141.5459487898983,0.994610171847043,0.003181631547848344
335,141.9209049456331,0.9961167646340863,0.0031817990171357545
336,142.29586110136793,0.9989165613520309,0.0031824749905977868
337,142.67081725710278,1.0011023023459937,0.0031838592121168547
338,143.0457734128376,1.001773800207872,0.0031831181515548975
339,143.42072956857245,1.001248433444652,0.003182309672950043
340,143.79568572430728,1.0026979681586843,0.0031826465838612258
341,144.1706418800421,1.0006795275243765,0.0031833290122422575
342,144.54559803577692,1.0039678696356367,0.003183360211017429
343,144.92055419151174,1.003287205405011,0.0031831527570928744
344,145.2955103472466,1.004517370228839,0.0031830406925268877
345,145.6704665029814,1.0045828847811356,0.003183319688470368
346,146.04542265871626,1.0037678515545783,0.0031839248371266964
347,146.42037881445108,1.0030678353027964,0.003184275375089103
348,146.7953349701859,1.0031431520070841,0.0031841272705586954
349,147.17029112592073,1.0013887396161743,0.0031837602366921757
350,147.54524728165555,1.001637650423617,0.003183987055373732
351,147.9202034373904,1.0002769050757252,0.0031842535000858223
352,148.29515959312522,0.9989909543098412,0.0031843431517386118
353,148.67011574886007,0.9989907918560146,0.0031844573679442652
354,149.0450719045949,1.000173477878384,0.0031844855185632413
355,149.4200280603297,0.9989343091396353,0.0031845712255433086
356,149.79498421606453,0.999840011725535,0.003184712516548104
357,150.16994037179938,0.9998977712263685,0.003185228013551643
358,150.5448965275342,1.0030657843225628,0.003184871737883458
359,154.66941424061733,0.9949032409497138,0.003186813592682876
360,155.04437039635215,0.9970121382868478,0.003187073761779271
361,155.419326552087,0.9951476600236189,0.003187625478050537
362,155.79428270782182,0.9960902401049918,0.003187943562114633
363,156.16923886355667,0.9992045066744958,0.0031877624657759987
364,156.5441950192915,0.9954472720547554,0.0031880956113177644
365,156.91915117502631,0.9931461102781995,0.0031879062670270727
366,157.29410733076114,0.9914359615992194,0.0031878047813561163
367,157.66906348649596,0.9949869281813086,0.003188398275297581
368,158.0440196422308,0.9938773837172156,0.003188489719983427
369,158.41897579796563,0.9921604168457052,0.003188385724066191
370,158.79393195370048,0.9930186089010089,0.003188216461745724
371,159.1688881094353,0.9907800781226669,0.003188142588783826
372,159.54384426517012,0.9889242062418777,0.003188530242530487
373,159.91880042090494,0.9892697353611313,0.003189227553085883
374,160.29375657663977,0.9878070279320015,0.00318973946402331
375,160.66871273237462,0.9895270696493419,0.003189686928154776
376,161.04366888810944,0.9890865836320839,0.0031897609804199794
377,161.4186250438443,0.990047695780317,0.0031894848533293887
378,161.7935811995791,0.9892610505714305,0.0031892962262519203
379,162.16853735531393,0.988311494144744,0.0031896092898234603
380,162.54349351104875,0.98934076396229,0.0031909804222012214
381,162.9184496667836,0.9882195624543477,0.003191608521680664
382,163.29340582251842,0.9881409901172975,0.0031916834704623954
383,163.66836197825324,0.9881539621620846,0.00319139694378008
384,164.0433181339881,0.9873610617786387,0.0031909626711739687
385,164.41827428972292,0.988349113892165,0.0031908362623435356
386,164.79323044545774,0.9886653604403313,0.0031907726096700555
387,165.16818660119256,0.9865607287126232,0.003190583623985975
388,165.5431427569274,0.9882346475251335,0.0031906635932602637
389,165.91809891266223,0.9860514176541173,0.0031912712521628703
390,166.29305506839708,0.9861189126049941,0.003191748378259015
391,166.6680112241319,0.9861629451868557,0.003191703014522704
392,167.04296737986672,0.9887352259179991,0.0031920684346594726
393,167.41792353560155,0.9870604466079591,0.003192128501266842
394,167.79287969133637,0.9899353446944691,0.0031921206119213965
395,168.16783584707122,0.9887601542484769,0.003192262620139415
396,168.54279200280604,0.9868606906811928,0.0031924734808267755
397,168.9177481585409,0.99268358201794,0.003192681472661247
398,169.2927043142757,0.9897480159156149,0.003192921918394028
399,169.66766047001053,0.9898807100301441,0.0031932184860614552
400,170.04261662574535,0.9905767233196945,0.003193194818025119
401,170.41757278148017,0.9923333090227686,0.0031933721489943367
402,170.79252893721502,0.9915416232348829,0.0031936407453460936
403,171.16748509294987,0.9928333708637772,0.003193945202358967
404,171.5424412486847,0.9959453697790641,0.0031946444852507232
405,172.29235356015434,0.9939190512657771,0.0031950475590816645
406,172.66730971588922,0.9935468143686679,0.0031953319341243127
407,173.04226587162404,0.9941585126094329,0.003195508727183613
408,173.41722202735886,0.9944593507294324,0.003195787185217177
409,173.79217818309368,0.9942331854212934,0.0031961215858820804
410,174.1671343388285,0.9948017215896388,0.003196496867700658
411,174.54209049456335,0.9950053314208407,0.0031970846239363455
412,174.91704665029818,0.9964444887666951,0.003197393922138468
413,175.292002806033,0.9951878793766733,0.003197537185479626
414,175.66695896176782,0.9933887274056565,0.00319753700617632
415,176.04191511750267,0.9931952962466143,0.003198039772645163
416,176.4168712732375,0.9933219062424969,0.003198329168180367
417,176.7918274289723,0.9900360603767615,0.0031986135432230155
418,177.16678358470713,0.9945217763322707,0.003198940054542474
419,177.54173974044195,0.9937031522009288,0.0031988491477665457
420,177.91669589617683,0.991234990363929,0.003198606371090792
421,178.29165205191165,0.9873527506840872,0.003198428143605047
422,178.66660820764648,0.9875133212703859,0.0031984129028240727
423,179.0415643633813,0.9895971979092828,0.0031985005821405007
424,179.41652051911612,0.9888610782146775,0.0031987275801253633
425,179.79147667485097,0.9880877009083006,0.0031991675904372535
426,180.1664328305858,0.9880382777384418,0.0031998695628785946
427,180.5413889863206,0.9853367618034841,0.0031998163097968378
428,199.66415292879694,0.9808972594906767,0.003300977083164714
429,200.0391090845318,0.9804841199257353,0.0033009862276332986
430,200.4140652402666,0.978511386754692,0.0033009121753680946
431,200.78902139600143,0.9777400954702402,0.0033011027747819246
432,201.16397755173625,0.9785255631711166,0.0033015904797730994
433,201.5389337074711,0.978969697628554,0.0033014895320120584
434,201.91388986320592,0.9788425758747596,0.0033022508538475457
435,202.28884601894075,0.9797204098860629,0.0033027150701056894
436,202.66380217467557,0.9788745119272318,0.003303198292514224
437,203.0387583304104,0.9826643295235346,0.003302975777112001
438,203.41371448614527,0.9793687399581266,0.0033032906337165974
439,203.7886706418801,0.979684909227966,0.003303742657349961
440,204.1636267976149,0.9790379031022416,0.0033039746758273805
441,204.53858295334973,0.9798978793988687,0.0033041231389643994
442,204.91353910908458,0.9780812032229151,0.003304107001666898
443,205.2884952648194,0.9787957901799292,0.0033044648910648326
444,205.66345142055422,0.9788351058210649,0.0033052880725407442
445,206.03840757628905,0.9804316509572933,0.0033054741893719358
446,206.41336373202387,0.9822124852802483,0.0033058754701698213
447,206.78831988775872,0.9805287174971768,0.003306401546068389
448,207.16327604349354,0.9817714695959936,0.0033070169150131354
449,207.53823219922836,0.9804019009081039,0.003307805670254376
450,207.91318835496318,0.9805018502971573,0.003309812074243803
451,208.288144510698,0.9797351052499755,0.0033098882781486738
452,208.66310066643288,0.9798036414137501,0.0033079738567550095
453,209.0380568221677,0.9814547431594989,0.003308742171419414
454,209.41301297790253,0.9823715245413982,0.0033085528271287233
455,209.78796913363735,0.9808355059079057,0.0033083199121347762
456,210.1629252893722,0.9788472639033168,0.003308588867093144
457,210.53788144510702,0.9804036348751731,0.003308824113030064
458,210.91283760084184,0.9803255757058604,0.0033089460392778576
459,211.28779375657666,0.9803817223737399,0.003309133231928881
460,211.66274991231148,0.9810794987518554,0.003309327596712129
461,212.03770606804633,0.9793685657963027,0.003308835767744926
462,212.41266222378115,0.9793685602258795,0.003308859435781263
463,212.78761837951598,0.9809724476512114,0.003308934205259689
464,213.1625745352508,0.9791017891650003,0.003308894399925851
465,213.53753069098568,0.9781433235179027,0.003309350368231938
466,213.9124868467205,0.9767128998234932,0.0033090396356033696
467,214.28744300245532,0.9790651445618777,0.003309145962463578
468,214.66239915819014,0.9780617121531917,0.0033097661725975747
469,215.03735531392496,0.9777725889648924,0.0033111389187050863
470,215.4123114696598,0.9785937344431037,0.0033113815160775335
471,215.78726762539463,0.9803758183344293,0.00331130907754208
472,216.16222378112946,0.9801462335298745,0.0033112222947421794
473,216.53717993686428,0.9787419569221,0.003310556900175177
474,216.91213609259913,0.9777929909414783,0.0033103069513672
475,217.28709224833395,0.9812089835566056,0.0033102682218531954
476,217.66204840406877,0.9764037621764937,0.0033103596665390407
477,218.0370045598036,0.9768701962319124,0.003310477648114111
478,218.4119607155384,0.9775832331093337,0.003310474241351305
479,218.7869168712733,0.9771509921842251,0.0033108427096442696
480,219.1618730270081,0.9786740824882727,0.0033116893798532127
481,219.53682918274293,0.9779286302345177,0.0033119332323488
482,219.91178533847776,0.976782328775718,0.003312222089974087
483,220.2867414942126,0.9775015078716485,0.0033124992928845118
484,220.66169764994743,0.9764345793137198,0.0033125052098935954
485,221.03665380568225,0.9755253139560426,0.0033122911217467344
486,221.41160996141707,0.9758092202914632,0.0033119531350157185
487,221.7865661171519,0.9750552240561736,0.003313231567584496
488,222.16152227288674,0.9760054614628373,0.0033128969876162857
489,222.53647842862156,0.97566086398455,0.003311789789704336
490,222.91143458435639,0.9765031552442501,0.0033111590006753107
491,228.53577692037882,0.9756535520120742,0.0033122853840409565
492,228.9107330761137,0.9775696393079986,0.0033122776739988166
493,229.28568923184852,0.9795230387194267,0.0033124811832506485
494,229.66064538758334,0.9786046914635889,0.0033124872795630388
495,230.03560154331817,0.9783945227029321,0.003312507361533263
496,230.41055769905302,0.9777222082708774,0.003312726111566069
497,230.78551385478784,0.9793945958298034,0.0033131847694217397
498,231.16047001052266,0.9802230961477904,0.00331329181349517
499,231.53542616625748,0.9758046040343237,0.0033131935552837125
500,231.9103823219923,0.9793133391275899,0.0033131243442077593
501,232.28533847772715,0.9792124374377145,0.003313382003057876
502,232.66029463346197,0.978165874333289,0.0033137280584376433
503,233.0352507891968,0.9789367845845183,0.003313936588182031
504,233.41020694493162,0.9776446559224017,0.0033139208094911405
505,233.78516310066644,0.9777753907911086,0.003313884052313497
506,234.16011925640132,0.9753904667598162,0.0033162196571719653
507,234.53507541213614,0.9758522380257845,0.003317377418616088
508,234.91003156787096,0.9773287797595137,0.003314140276737169
509,235.28498772360578,0.9743158274302343,0.003314021040038959
510,235.65994387934063,0.9779300484551192,0.0033141132019380262
511,236.03490003507545,0.976769934901848,0.003314078058490133
512,236.40985619081027,0.9775870664889923,0.0033136215522741293
513,236.7848123465451,0.9777103712138899,0.0033134926331974185
514,237.15976850227992,0.9751779259194127,0.003313818965213572
515,237.53472465801477,0.9778228336312682,0.003314373908944337
516,237.9096808137496,0.9783985473081402,0.0033147314397356624
517,238.2846369694844,0.9775230678888368,0.0033139227818275016
518,238.65959312521923,0.9775414124005259,0.003313806593285486
519,239.0345492809541,0.9789179658238047,0.0033140298259009323
520,239.40950543668893,0.9790350342001515,0.003314244989867627
521,239.78446159242375,0.9793105114843814,0.0033171418140725576
522,240.15941774815857,0.9792770895155042,0.0033165635609120657
523,240.5343739038934,0.98246516395785,0.003315012945925421
524,240.90933005962825,0.980727678698019,0.003314993760471724
525,241.28428621536307,0.9817011030638206,0.0033142960913097167
526,241.6592423710979,0.9810453148462448,0.003314084513409133
527,242.0341985268327,0.9819798813179925,0.003313921168097752
528,242.40915468256756,0.9828051771228292,0.0033139471670770608
529,242.78411083830238,0.9843886383155895,0.0033139330021159192
530,243.1590669940372,0.9818716304992103,0.0033135105635279764
531,243.53402314977203,0.9836410812139006,0.0033144979868317986
532,243.90897930550685,0.9805599190383261,0.0033141553382148373
533,244.28393546124173,0.981465619297476,0.0033134598206924974
534,244.65889161697655,0.9789543785892629,0.0033137407889723388
535,245.03384777271137,0.9792485566695162,0.003313717120936003
536,245.4088039284462,0.9793856005116016,0.0033133751895322635
537,245.78376008418104,0.980902441916426,0.0033131112550664524
538,246.15871623991586,0.9779228459114451,0.003313299164930699
539,246.53367239565068,0.9798212736242442,0.0033137669672549533
540,246.9086285513855,0.9793250626560087,0.0033136462961302995
541,247.28358470712033,0.9798961822196717,0.003313380389328126
542,247.65854086285518,0.9808962982165266,0.003313413919046269
543,248.03349701859,0.9793199944369045,0.0033129246003253446
544,248.40845317432482,0.9797253086523052,0.0033129882529988252
545,248.78340933005964,0.980245137251123,0.003313418760235519
546,249.15836548579452,0.9789892120847515,0.0033137330789301993
547,249.53332164152934,0.9811504003514819,0.0033134551588065515
548,249.90827779726416,0.9773548041537105,0.003313156977409375
549,250.28323395299898,0.9780097648722741,0.003312876009129533
550,250.6581901087338,0.976967639350111,0.0033123578225764108
551,251.03314626446866,0.9766234714858983,0.003311575163647559
552,251.40810242020348,0.9777301585546226,0.0033116172999243694
553,251.7830585759383,0.9773711581833424,0.003311859717993513
554,252.15801473167312,0.9781687333424436,0.0033115918388549777
555,252.53297088740797,0.9775115017259896,0.0033114727814600744
556,252.9079270431428,0.977552907337637,0.003310990096961455
557,253.2828831988776,0.9786543662721909,0.003310569989316484
558,253.65783935461243,0.9771658389908293,0.003310697294663445
559,254.03279551034726,0.9778794993128328,0.003310686536465111
560,254.40775166608213,0.9779899809791743,0.0033104765722942776
561,254.78270782181696,0.9781864054046767,0.0033103614595720965
562,255.15766397755178,0.9799535230325823,0.0033105533141090655
563,255.5326201332866,0.9785357325148082,0.0033104593591769425
564,255.90757628902145,0.9796858844939242,0.003310095194163311
565,256.28253244475627,0.9780455396681846,0.003309790737150439
566,256.6574886004911,0.9777541233718673,0.003309956054798183
567,257.0324447562259,0.9789434604794401,0.003310221423690439
568,257.40740091196074,0.9800573686315878,0.003310308744400256
569,257.7823570676956,0.9785244610861163,0.0033101889697921293
570,258.15731322343044,0.9808062699245919,0.0033098475762983076
571,258.53226937916526,0.9785537411184433,0.0033092006499717795
572,258.9072255349001,0.9787138969680892,0.0033093910700823033
573,259.2821816906349,0.9797168251635799,0.003309794143913245
574,259.6571378463697,0.9793414570830611,0.0033096159164275004
575,260.03209400210454,0.9805733512920236,0.0033098859472057013
576,260.40705015783936,0.980974870195753,0.0033096363570043353
577,260.7820063135742,0.9783508781926884,0.003309321679703045
578,261.15696246930906,0.9811398919723557,0.003309491121326817
579,261.5319186250439,0.9794349612036234,0.0033089915823174745
580,261.9068747807787,0.97880591122366,0.0033087722943747518
581,262.28183093651353,0.980078557844844,0.003308872166315959
582,262.65678709224835,0.9795361721472526,0.003309045373309148
583,263.03174324798323,0.9798465676811333,0.0033088515464358174
584,263.40669940371805,0.9786530337808217,0.0033103772382629872
585,263.7816555594529,0.9801460231813226,0.0033113635857469756
586,264.1566117151877,0.9809009722103366,0.003308230619088598
587,264.5315678709225,0.979104611637654,0.003307936561667449
588,264.90652402665734,0.9787320494804346,0.0033077934776295967
589,271.2807786741495,0.9833730123455201,0.0034773774682261673
590,271.6557348298843,0.9850906774011792,0.003477353082976609
591,272.0306909856191,0.9900176019545267,0.0034771596147098894
592,272.40564714135394,0.9887251437312571,0.003476934768364693
593,272.78060329708876,0.9875430829157525,0.0034766771095145763
594,273.15555945282364,0.9843740006140991,0.003476386279552928
595,273.53051560855846,0.9854896177035364,0.0034773064641171582
596,273.9054717642933,0.9838726219383049,0.0034771737796710296
597,274.2804279200281,0.9860233713528763,0.003476382514183511
598,274.6553840757629,0.9849598163897172,0.0034760904290987225
599,275.03034023149775,0.9850606814849456,0.0034756882517843098
600,275.40529638723257,0.9841197859444307,0.003475497293763868
601,275.7802525429674,0.9848156889571364,0.0034756982927694217
602,276.1552086987022,0.9861545548021126,0.0034765931955675657
603,276.5301648544371,0.9840634479132395,0.003476132206768923
604,276.9051210101719,0.9834874724345317,0.0034753328726326526
605,277.28007716590673,0.9839137633498025,0.0034747897629200542
606,277.65503332164155,0.9850508733385099,0.003475293067298814
607,278.02998947737643,0.9839585710416832,0.0034749654801595215
608,278.40494563311125,0.9843437509336487,0.0034747874319770817
609,278.7799017888461,0.983926401320383,0.0034747054903664326
610,279.1548579445809,0.9831937324988743,0.0034737924779344254
611,279.5298141003157,0.9840172377870516,0.003473675930785799
612,279.90477025605054,0.9834740486344231,0.003473482821125691
613,280.27972641178536,0.9820511002805563,0.0034732497268284384
614,280.6546825675202,0.9845905762120686,0.003473450187924075
615,281.029638723255,0.9865474390472654,0.003473368604920037
616,281.4045948789899,0.9847757735602536,0.0034733583846316193
617,281.7795510347247,0.9859066405726177,0.0034732257001854907
618,282.1545071904595,0.9866709786388069,0.003472164045313159
619,282.52946334619435,0.9886628855828341,0.0034725158383987044
620,282.90441950192917,0.98997664125303,0.0034726311304241917
621,283.27937565766405,0.9905488829040474,0.0034722987020956485
622,283.65433181339887,0.9907439718807663,0.0034717939632904443
623,284.0292879691337,0.9907821270776174,0.003471918041177905
624,284.4042441248685,0.9926447746334097,0.0034719463711001862
625,284.77920028060333,0.9911793170540927,0.0034718061559152235
626,285.15415643633816,0.9933806543838504,0.003471769219434274
627,285.529112592073,0.9905651207339552,0.0034713435533868303
628,285.9040687478078,0.9935863552429339,0.0034711344857325257
629,286.2790249035426,0.9949188638861355,0.00347127990071335
630,286.6539810592775,0.9937936963630658,0.0034716297214625338
631,287.0289372150123,0.9933342714394676,0.0034710070010822588
632,287.40389337074714,0.9931673796815746,0.003470794168058537
633,287.77884952648196,0.9968316797549511,0.003471012559484732
634,288.15380568221684,0.9957071756552304,0.003470817298184956
635,288.52876183795166,0.9946820360689215,0.003470474290961384
636,288.9037179936865,0.9942847117716267,0.0034703070009772796
637,289.2786741494213,0.9934726017254627,0.0034702435276071043
638,289.6536303051561,0.9938081497396396,0.0034696306689086364
639,290.02858646089095,0.9931334751451625,0.003469602159683049
640,290.40354261662577,0.9910951253946078,0.003469438276461751
641,290.7784987723606,0.9905283616218263,0.0034691876104405517
642,291.1534549280954,0.9916430630050885,0.0034692157610595274
643,291.52841108383024,0.9886832753585204,0.0034690904280489277
644,291.9033672395651,0.9875790284097518,0.0034686817958155137
645,292.27832339529994,0.9890586683283732,0.0034684085375778113
646,292.65327955103476,0.9863517135770224,0.003468946088887936
647,293.0282357067696,0.9862889016514302,0.0034688469341599515
648,293.40319186250446,0.9834268032844147,0.0034687886605856387
649,293.7781480182393,0.9863505364214686,0.003468723394182407
650,294.1531041739741,0.9872626840638485,0.0034679817957105332
651,294.5280603297089,0.9838417433779276,0.003467826877654514
652,294.90301648544374,0.9840312614037376,0.003467416810994655
653,295.27797264117856,0.9854135066311489,0.0034669961654397673
654,295.6529287969134,0.984104871849942,0.0034672235220312413
655,296.0278849526482,0.9859931579781306,0.003467532640930059
656,296.40284110838303,0.98660314333302,0.00346800385001712
657,296.7777972641179,0.984314875970468,0.0034683127896126325
658,297.15275341985273,0.9868450483927617,0.003467229618343631
659,297.52770957558755,0.9843257745440022,0.0034669897105207665
660,297.9026657313224,0.9854136462388159,0.0034669420158414824
661,298.2776218870572,0.9849280616779106,0.0034669237269043134
662,298.6525780427921,0.9852991250155958,0.003466781718686295
663,299.0275341985269,0.9842887673812091,0.003466529976845263
664,299.4024903542617,0.9853238148832999,0.003466203286222498
665,299.77744650999654,0.98439024280588,0.0034658670925245376
666,300.15240266573136,0.982762360100863,0.003465703388606544
667,300.5273588214662,0.983072810138476,0.0034656275433082844
668,300.902314977201,0.9818444015634098,0.0034658020054246126
669,301.2772711329358,0.9820513536127008,0.0034659666058591333
670,301.65222728867064,0.9842046236692283,0.003465597778959559
671,302.0271834444055,0.986433261902113,0.0034653356375268026
672,302.40213960014034,0.9832942487748689,0.003464910688692581
673,302.77709575587517,0.9830993114635871,0.0034644947050236387
674,303.15205191161,0.9845526877433931,0.003464569115895453
675,303.52700806734487,0.984208291992786,0.003464299443723863
676,303.9019642230797,0.9817886168191688,0.0034641667592777343
677,304.2769203788145,0.9837071431776794,0.003464018475444021
678,304.65187653454933,0.9815261020607167,0.0034638434754177758
679,305.02683269028415,0.9858123047128301,0.003463625980508109
680,305.401788846019,0.9844916856533713,0.0034635225225007893
681,305.7767450017538,0.983976821765052,0.0034638486752136383
682,306.1517011574886,0.9838517659377944,0.0034652608680483753
683,306.52665731322344,0.9843290057060852,0.003464997650795786
684,306.9016134689583,0.9858609130747948,0.003463593705913105
685,307.27656962469314,0.9830328780303236,0.0034636894538782837
686,307.65152578042796,0.9837239966954426,0.0034632966003357605
687,308.0264819361628,0.9846358269748855,0.0034628736238379
688,308.4014380918976,0.983501228461581,0.003462685534670348
689,312.15099964924593,0.9813132846099368,0.003461456589813911
690,312.52595580498075,0.9812313524981691,0.0034612794381479995
691,312.9009119607156,0.9862246762857637,0.003461070191190389
692,313.2758681164504,0.9866207933202038,0.003461163608212595
693,313.6508242721853,0.9873944246716894,0.0034610834596350017
694,314.0257804279201,0.9884756488774293,0.003460664427809864
695,314.4007365836549,0.9873610466301651,0.0034602127627831113
696,314.77569273938974,0.9867361172219833,0.0034605749554603798
697,315.15064889512456,0.9882201055987806,0.0034606255189925535
698,315.5256050508594,0.9874755773008299,0.0034603122761177074
699,315.9005612065942,0.9893663127155273,0.00345993986315202
700,316.275517362329,0.9876730201646351,0.0034601717023261336
701,316.65047351806385,0.9894270165495122,0.0034602841254987317
702,317.02542967379867,0.9899276539591633,0.0034604264923233613
703,317.40038582953355,0.9923864179448914,0.003460459842738199
704,317.77534198526837,0.9910876480690372,0.0034596678600374575
705,318.1502981410032,0.9908362745074897,0.003459415580286509
706,318.525254296738,0.9905589562919004,0.0034591304880306375
707,318.9002104524729,0.9887173680727174,0.0034588226242549588
708,319.2751666082077,0.9879240859511362,0.0034587412205542263
709,319.65012276394253,0.9867443162693568,0.0034588403752822115
710,320.02507891967736,0.9880919642061843,0.003458659637550188
711,320.4000350754122,0.9881416301398596,0.0034582174755986308
712,320.774991231147,0.986072826797554,0.0034579183976849253
713,321.1499473868818,0.9868700178917703,0.0034583460360687306
714,321.52490354261664,0.9862247960073692,0.0034584763895718863
715,321.89985969835146,0.9854285742061362,0.003458156512474734
716,322.27481585408634,0.9841737173283003,0.0034578540277982227
717,322.64977200982116,0.9823620906858885,0.0034572388381567823
718,323.024728165556,0.9841384870741248,0.003457224493892336
719,323.3996843212908,0.9818424392063091,0.0034575242890192634
720,323.7746404770256,0.9829141350480985,0.0034571052571941256
721,324.1495966327605,0.9812889895901399,0.0034569137612637676
722,324.5245527884953,0.9824885858918732,0.0034571373524858243
723,324.89950894423015,0.9859779881424482,0.0034574719324540347
724,325.27446509996497,0.9892497326837817,0.003457182895525441
725,325.6494212556998,0.9903853734673537,0.0034571213944916274
726,326.0243774114346,0.9907429727452721,0.0034571326905998793
727,326.39933356716944,0.9875874816319451,0.00345701829509092
728,326.77428972290426,0.9860471313919921,0.003456408663851952
729,327.1492458786391,0.9793250486633062,0.003455568089955398
730,327.52420203437396,0.9806669024163297,0.003455469293834025
731,327.8991581901088,0.9795464168611753,0.0034559066145963316
732,328.2741143458436,0.9779812962315177,0.003455903925046748
733,328.6490705015784,0.9795700447156802,0.003455582075613234
734,329.0240266573133,0.9844323417254317,0.0034554171165721015
735,329.3989828130481,0.9888126572772784,0.0034554416811249655
736,329.77393896878294,0.9901965400865315,0.00345537623541843
737,330.14889512451776,0.9905401856164534,0.0034559410408310023
738,330.5238512802526,0.9900600468521905,0.0034556213430371554
739,330.8988074359874,0.9845099791062777,0.003454631947396972
740,331.27376359172223,0.9853047935388125,0.0034546351748564724
741,331.64871974745705,0.981046298417295,0.0034545799494383545
742,332.0236759031919,0.9844218516820952,0.0034545971625556896
743,332.39863205892675,0.9827868898996366,0.003454727516058846
744,332.7735882146616,0.9872343407339068,0.0034550158357742155
745,333.1485443703964,0.9909608457875517,0.0034553181411474225
746,333.5235005261312,0.9935216154294145,0.0034552306411342994
747,333.89845668186604,0.9917804497882561,0.003454723750689428
748,334.2734128376009,0.9851678154101866,0.003453917065117629
749,334.64836899333574,0.98584444170577,0.003453791552803724
750,335.02332514907056,0.9804880914576122,0.0034535971880204773
751,335.3982813048054,0.9781573046456877,0.003453227285301068
752,335.7732374605402,0.9801963294533398,0.003452832638725489
753,336.148193616275,0.9812608434855596,0.003453042064986405
754,336.52314977200984,0.9851401798683863,0.003453468268943766
755,336.89810592774467,0.9897516706356035,0.003453941091760577
756,337.2730620834795,0.9899149537200727,0.003454320856161792
757,337.64801823921437,0.9882143357317925,0.0034540761071496775
758,338.0229743949492,0.9882734911080212,0.0034532522084605435
759,341.77253595229746,0.9873664950952792,0.00345180738242419
760,342.14749210803234,0.9892220090698974,0.003451471368029535
761,342.5224482637671,0.988040812136042,0.0034510537706308416
762,342.897404419502,0.9898440692369511,0.0034512142470893344
763,343.27236057523675,0.9891022554114639,0.003451133560601824
764,343.6473167309716,0.9886580929614648,0.0034507980841170867
765,344.0222728867065,0.9844434586609832,0.0034504174231993427
766,344.39722904244127,0.9840662290608142,0.00345045364246707
767,344.77218519817615,0.9826039512457587,0.0034505549488347215
768,345.14714135391097,0.9836249924704141,0.0034502843801466026
769,345.5220975096458,0.9840282344839424,0.0034499634272296175
770,345.8970536653806,0.9844254951109517,0.0034503930379497843
771,346.27200982111543,0.9842590501713052,0.003450440732629068
772,346.64696597685025,0.9897764868527058,0.003450681716271766
773,347.02192213258513,0.9889938479901699,0.0034509327408995764
774,347.3968782883199,0.9892241266778306,0.003450337453925055
775,347.7718344440548,0.9864772869920373,0.0034503344057688597
776,348.14679059978954,0.9876735199229234,0.003450649800283373
777,348.5217467555244,0.9862961268024166,0.003450933637416105
778,348.8967029112593,0.9851223890623015,0.003450426388364622
779,349.27165906699406,0.9863435485613827,0.0034502842008432982
780,349.64661522272894,0.9863718682552687,0.003449940476406503
781,350.0215713784637,0.9855635327204744,0.0034495745183598173
782,350.3965275341986,0.9853390657732459,0.0034497947028190677
783,350.7714836899334,0.9890271488222482,0.0034495382990920908
784,351.1464398456682,0.9871449274222307,0.00345209247468006
785,351.52139600140305,0.9924989294941711,0.0034551587405087627
786,351.8963521571379,0.9899836741899779,0.0034504608145992923
787,352.2713083128727,0.9900285667049021,0.0034487409372921814
788,352.64626446860757,0.9910628358533002,0.003448054922845037
789,353.02122062434233,0.9866962247982872,0.003447920086759242
790,353.3961767800772,0.9875855824495432,0.003448439169828892
791,353.7711329358121,0.9853005282022274,0.0034486089700592757
792,354.14608909154686,0.986209089593322,0.0034485178839800414
793,354.52104524728173,0.987381910357882,0.003448227771231615
794,354.8960014030165,0.9842855527631128,0.0034476977506603243
795,355.2709575587514,0.9849150714189937,0.003447480793660574
796,355.6459137144862,0.9833713515328576,0.0034473979555333964
797,356.020869870221,0.9845215411639905,0.0034473715979474765
798,356.39582602595584,0.9825544935217433,0.0034472659883004906
799,356.77078218169066,0.9849150864368617,0.0034473092003971346
800,357.1457383374255,0.9850359646498453,0.0034474478018523473
801,357.52069449316036,0.9855765176657065,0.0034475528735894165
802,357.8956506488951,0.9862150538445502,0.0034471123253676096
803,358.27060680463,0.9889425970702885,0.003447255588708767
804,358.64556296036477,0.9882994698098987,0.0034473568950764187
805,359.02051911609965,0.9927869841792403,0.003447310814126885
806,359.3954752718345,0.9974644399131304,0.0034473990313532298
807,359.7704314275693,0.9956884596713729,0.003447162709596477
808,360.14538758330417,0.9933953977373117,0.0034468921409083583
809,360.520343739039,0.9940158674935493,0.0034467137341193076
810,360.8952998947738,0.9908872096648009,0.003446740629615145
811,361.27025605050864,0.9935586320289178,0.003447044728021406
812,361.64521220624346,0.9915013040981691,0.0034471175251634713
813,362.0201683619783,0.9882687625943769,0.003446943780260366
814,362.39512451771316,0.989447730230945,0.0034470468796610736
815,362.7700806734479,0.9878277049570625,0.0034466651429234958
816,363.1450368291828,0.986792377179584,0.0034464022842775168
817,363.51999298491756,0.984641234886031,0.00344640461522049
818,363.89494914065244,0.9847031294836116,0.0034460531807415564
819,364.2699052963873,0.9848926227605335,0.0034460779245977253
820,364.6448614521221,0.9818660670447117,0.003445998493233354
821,365.01981760785696,0.9820651428368599,0.0034456947534337035
822,365.39477376359173,0.9837769328342579,0.0034452405781606726
823,365.7697299193266,0.9802248593946926,0.003445165987985552
824,366.14468607506143,0.9807694517554221,0.003445025772800589
825,366.51964223079625,0.9824381860086585,0.003444703923367075
826,366.8945983865311,0.9825583525698974,0.0034442506446105726
827,367.26955454226595,0.9821678828477693,0.003444544881335027
828,367.6445106980007,0.9826566251032549,0.003444475490955768
829,368.0194668537356,0.9812499698595057,0.0034440819202000224
830,368.39442300947036,0.9846442863212344,0.0034457309727014304
831,368.76937916520524,0.9810155033336485,0.003444772596533112
832,369.1443353209401,0.9805873040801578,0.0034437342510905055
833,369.5192914766749,0.9834219691975207,0.0034434267459214378
834,369.89424763240976,0.981650521020524,0.003443403257188407
835,370.2692037881445,0.9819368373685999,0.0034434636824023867
836,370.6441599438794,0.9815286446050718,0.0034438464949597975
837,374.76867765696255,0.9789746837056106,0.003187591051815866
838,375.1436338126973,0.9802736633467637,0.0031854155648092784
839,375.5185899684322,0.9823757986169368,0.00318545321850345
840,375.893546124167,0.9820647113146892,0.0031856077779528584
841,376.26850227990184,0.9839347655347828,0.0031854657697348403
842,376.64345843563666,0.9851249939520991,0.003185524401915765
843,377.0184145913715,0.9858155971227306,0.003185908828202926
844,377.3933707471063,0.9861359160142824,0.003185995611002826
845,377.7683269028412,0.9887271062493785,0.003185570303561993
846,378.14328305857595,0.9923594878269113,0.0031852321375276708
847,379.64310768151535,1.004280239622854,0.0031858532441781965
848,380.0180638372501,1.0016877816982919,0.003185764309738629
849,380.393019992985,0.9998605924235152,0.003185372711319245
850,380.7679761487198,1.0003820688280978,0.0031855007338794285
851,381.14293230445463,1.004188309342284,0.0031857535515402943
852,381.51788846018945,1.0052955221294186,0.003186090641754782
853,381.8928446159243,1.0048040680806758,0.0031869584697537833
854,382.2678007716591,1.0100167954619046,0.00318693874639017
855,382.642756927394,1.01845134648876,0.0031870212259107362
856,383.01771308312874,1.021682683408904,0.0031878262977527846
857,383.3926692388636,1.0249146394725872,0.003187909673789879
858,383.7676253945984,1.0264025859673391,0.0031875494534489715
859,384.14258155033326,1.0247658485456432,0.0031873113386591627
860,384.51753770606814,1.0273657871691606,0.0031873887976871726
861,384.8924938618029,1.0346305641442783,0.0031875324196349412
862,385.2674500175378,1.0321353074328754,0.0031872021429460652
863,385.64240617327255,1.0368686399951907,0.003187692178880212
864,386.0173623290074,1.0442297892746297,0.003189239745710662
865,386.39231848474225,1.0542659970197032,0.0031896286545804627
866,386.76727464047707,1.0598912507452143,0.00318977962796376
867,387.1422307962119,1.0660417503807214,0.0031899164363859162
868,387.5171869519467,1.074444750477359,0.0031900164876304295
869,387.89214310768153,1.0751377389117578,0.003189682086965525
870,388.2670992634164,1.0690479596094942,0.003189778372840621
871,388.6420554191512,1.068259453233414,0.0031898420255141017
872,389.01701157488606,1.0694623273780377,0.0031895870562135688
873,389.39196773062093,1.057063619436995,0.0031888501196276403
874,389.7669238863557,1.0613981895211042,0.0031891890028751843
875,390.1418800420906,1.0663661881506532,0.003189121226225675
876,390.51683619782534,1.058785001609075,0.0031884301912859744
877,390.8917923535602,1.0504170215772923,0.003188508008920595
878,391.26674850929504,1.0401600259969377,0.003187737721919829
879,391.64170466502986,1.0359744976412077,0.003186851246377047
880,392.0166608207647,1.0282384534702211,0.0031864175116808526
881,392.3916169764995,1.0282174127476098,0.0031867031418466403
882,392.7665731322343,1.025063744797003,0.0031863757340106526
883,393.1415292879692,1.0233715519113273,0.0031859419993144574
884,393.51648544370397,1.0195399437215684,0.0031855738896281035
885,393.89144159943885,1.019382766613417,0.0031852959695044566
886,394.2663977551736,1.0179571269141379,0.003185008367002309
887,394.6413539109085,1.019659318813975,0.00318489719895285
888,395.01631006664337,1.017908747636383,0.0031848052163570882
889,395.39126622237814,1.021092826308757,0.0031845002214342987
890,395.766222378113,1.0168705683864152,0.003184725067779494
891,396.14117853384784,1.0196185649203628,0.0031847426395034415
892,396.51613468958266,1.0181900750179746,0.003184364488831976
893,396.8910908453175,1.0195205428359841,0.0031843616199790864
894,397.2660470010523,1.018455615124481,0.003184269637383324
895,397.6410031567871,1.0208617675740022,0.0031845301650863297
896,398.015959312522,1.0224182904233063,0.003184964258389136
897,398.39091546825676,1.020783090882987,0.003185170098583941
898,398.76587162399164,1.017171245250403,0.0031848695862437913
899,399.1408277797264,1.0177060546376064,0.0031844475062624586
900,399.5157839354613,1.0167105942379417,0.003184159545153699
901,399.89074009119616,1.0169597887048916,0.003184411645601343
902,400.26569624693093,1.014016396195656,0.0031841310359281122
903,400.6406524026658,1.012633321847396,0.0031839519119258386
904,401.0156085584006,1.0138981988921514,0.0031840616455488533
905,401.39056471413545,1.011874948456456,0.003184324862801443
906,401.7655208698703,1.0133289524818874,0.0031844259898657894
907,402.1404770256051,1.011427408463101,0.003184483187620269
908,406.26499473868824,1.0131726789505762,0.003183265897478695
909,406.63995089442307,1.0127384395057915,0.0031829732744839898
910,407.0149070501579,1.0140533764205735,0.00318267276214384
911,407.3898632058927,1.0131045293188823,0.003182584186310884
912,407.76481936162753,1.011996624763381,0.0031827525521148222
913,408.13977551736235,1.0114189842747365,0.0031827299598983193
914,408.51473167309723,1.0118463375556632,0.0031832650009621663
915,408.889687828832,1.0093016031706692,0.00318357752662379
916,409.2646439845669,1.0122405713532276,0.003183297096253865
917,409.63960014030175,1.0106829307176122,0.0031830530644549725
918,410.0145562960365,1.0107257243074823,0.003182834493725472
919,410.3895124517714,1.010318360100336,0.0031828674855336986
920,410.76446860750616,1.0103384449259953,0.0031831672806606265
921,411.13942476324104,1.010117032941219,0.003182834135118861
922,411.51438091897586,1.0147303782478374,0.0031825669731935483
923,411.8893370747107,1.0128784162566067,0.0031827339045710423
924,412.2642932304455,1.014816004701431,0.003183261952805972
925,412.6392493861803,1.013589490292076,0.0031835203288693107
926,413.01420554191515,1.0147175196520033,0.0031832987099836155
927,413.38916169765,1.0158842794249678,0.0031831147447920916
928,413.7641178533848,1.0166698055781627,0.0031831846730812673
929,414.13907400911967,1.015075241192971,0.003182806881016413
930,414.51403016485443,1.016856048440288,0.0031829496064476534
931,414.8889863205893,1.0163863184208835,0.0031830998626177285
932,415.2639424763242,1.014385986162241,0.0031829951494872703
933,415.63889863205895,1.015594685514893,0.003182632239596779
934,416.01385478779383,1.0160152159497902,0.003182712746780984
935,416.3888109435286,1.014952188679335,0.0031825693041365203
936,416.7637670992635,1.0146342702814284,0.0031820229669644222
937,417.1387232549983,1.010867533668462,0.003182106343001516
938,417.5136794107331,1.0097901933340128,0.003181877731286903
939,417.88863556646794,1.0105247749352304,0.003181862669809235
940,418.2635917222028,1.0112223218051146,0.0031823102108599595
941,418.6385478779376,1.0093601343231542,0.0031827462764991276
942,419.01350403367246,1.0099813365314385,0.003182863899467587
943,419.3884601894072,1.0076556616539605,0.003182789309292466
944,419.7634163451421,1.007402560329115,0.003182651066443865
945,420.138372500877,1.0085107935288455,0.0031827380285470706
946,420.51332865661175,1.0072110349695325,0.003182204063303057
947,420.8882848123466,1.0091546404785987,0.0031819279362124654
948,421.2632409680814,1.0078789234530738,0.003182261440360842
949,421.63819712381627,1.0092434090444375,0.003182357009022716
950,422.0131532795511,1.0094742303022235,0.003182066896274289
951,422.3881094352859,1.0072982466159752,0.0031818987097736564
952,422.76306559102073,1.0075787793566264,0.003182024939300784
953,423.13802174675556,1.0091194499911793,0.00318153275172697
954,423.5129779024904,1.0088525283222325,0.0031815955078839226
955,423.88793405822526,1.007455541121666,0.0031818411534125656
956,424.26289021396,1.008998661395184,0.003182063668814789
957,424.6378463696949,1.0081431888183001,0.0031819953542553633
958,425.0128025254298,1.0084809836863924,0.003182189181128694
959,425.38775868116454,1.00963383526055,0.0031823349547161297
960,425.7627148368994,1.0095196287210608,0.0031822539096220083
961,426.1376709926342,1.008373127156418,0.0031822609024509257
962,426.51262714836906,1.0079938319821684,0.003182019201595005
963,426.8875833041039,1.00586478255296,0.0031816451748995687
964,427.2625394598387,1.006928370302626,0.003181276527303298
965,427.6374956155735,1.0072783895335808,0.0031818479669381778
966,428.01245177130835,1.0075893134650777,0.0031819957128619743
967,428.38740792704317,1.006148523895794,0.003181648581662374
968,428.76236408277805,1.0073904603413575,0.0031811070856795263
969,429.1373202385128,1.0056982403800439,0.0031816602363772366
970,429.5122763942477,1.006312515388334,0.003181704882900326
971,429.88723254998246,1.0042737693746786,0.003181417101094871
972,430.26218870571734,1.0065849470171107,0.0031810957895712744
973,430.6371448614522,1.0056374981175644,0.003181278678942965
974,431.012101017187,1.0071529604987086,0.0031814898982369362
975,431.38705717292186,1.0070267458490034,0.0031816100314516742
976,431.7620133286567,1.0067064323158639,0.003181639257890484
977,432.1369694843915,1.0075130626499447,0.003181912516128185
978,432.5119256401263,1.0053576742778871,0.003181676194371433
979,432.88688179586114,1.0076370899554226,0.003181713668762299
980,433.26183795159596,1.0057695967085083,0.0031821986842038895
981,433.63679410733084,1.0051878607494271,0.0031819729413421656
982,434.0117502630656,1.0067344397932148,0.0031819094679719907
983,434.3867064188005,1.0051574666673642,0.0031819067784224072
984,434.76166257453525,1.0073668281831263,0.003181944073509968
985,435.13661873027013,1.0104740965496455,0.0031819935612223075
986,438.8861802876184,1.0073907661367434,0.0031821387968998262
987,439.2611364433533,1.0056826265538181,0.003181951066338885
988,439.63609259908804,1.0054849995189605,0.0031819663071198595
989,440.0110487548229,1.0066225850233894,0.003182659135092616
990,440.3860049105578,1.0066771667342542,0.0031827163328470957
991,440.76096106629257,1.0065617663995066,0.003182766358469352
992,441.13591722202744,1.0053592899278097,0.0031827276289553472
993,441.5108733777622,1.0064875986462005,0.003182486286706038
994,441.8858295334971,1.0066707571434867,0.0031820385663520077
995,442.2607856892319,1.0032791416866258,0.0031822148215013913
996,442.63574184496673,1.007443525318236,0.003182459929120118
997,443.01069800070155,1.0061349760649856,0.003182353422956604
998,443.3856541564364,1.0050679804526528,0.0031822098010088357
999,443.7606103121712,1.007123502777309,0.003182077654472624
1000,444.1355664679061,1.0069003881305794,0.0031821291145213257
1001,444.51052262364084,1.0066362221822431,0.003182453115594506
1002,444.8854787793757,1.004108083392882,0.0031825260920398763
1003,445.2604349351105,1.0051292266447522,0.0031825009895770956
1004,445.63539109084536,1.0057785312369072,0.0031822949700789855
1005,446.01034724658024,1.0066678261348017,0.0031819973265917244
1006,446.385303402315,1.0086430578781194,0.003182711491657844
1007,446.7602595580499,1.005694584811118,0.0031828613892213088
1008,447.1352157137847,1.0079356290391566,0.0031828362867585276
1009,447.5101718695195,1.006228670348361,0.003183017024490551
1010,447.88512802525435,1.0077344890827544,0.003183213720216771
1011,448.26008418098917,1.008770070552885,0.0031835221219023665
1012,448.635040336724,1.0097538349873034,0.003183669509219553
1013,449.00999649245887,1.008713813043694,0.0031834859026346396
1014,449.38495264819363,1.009820458511815,0.0031835466864552314
1015,449.7599088039285,1.0066042893707607,0.0031835741198609846
1016,450.1348649596633,1.0104355043290816,0.0031836076495791277
1017,450.50982111539815,1.010758437287719,0.0031836587510212172
1018,450.88477727113303,1.0111837249945652,0.0031832678698150555
1019,451.2597334268678,1.0105384505807251,0.0031832070859944646
1020,451.6346895826027,1.01153969959377,0.0031832768349803345
1021,452.00964573833744,1.0121506657349457,0.003183301040926588
1022,452.3846018940723,1.0114467603939068,0.0031834079056967126
1023,452.75955804980714,1.0134053113660917,0.0031837073422170295
1024,453.13451420554196,1.012407280826695,0.0031840951752669963
1025,453.5094703612768,1.0120397698248538,0.0031843011947651064
1026,453.88442651701166,1.0138797647420041,0.0031837865942780956
1027,454.2593826727464,1.012979817770968,0.0031835436382990356
1028,454.6343388284813,1.0131038612232481,0.0031834749651329995
1029,455.00929498421607,1.0132650183070253,0.003183460620868553
1030,455.38425113995095,1.0135613266890133,0.0031842004263073712
1031,455.7592072956858,1.0127028516791161,0.0031846467122349565
1032,456.1341634514206,1.011404171632261,0.0031845636948044736
1033,456.50911960715547,1.0102391905301964,0.003183986876070427
1034,456.88407576289023,1.0118953724812543,0.0031841815994602856
1035,457.2590319186251,1.012465494406916,0.0031838676393722166
1036,457.63398807435993,1.012395851738122,0.003183867280765606
1037,458.00894423009476,1.01440157902625,0.00318486635878429
1038,458.3839003858296,1.013458321701476,0.0031848360565256474
1039,458.7588565415644,1.0152472994418216,0.0031845446886540826
1040,459.1338126972992,1.0131864700828308,0.0031843650267418923
1041,459.5087688530341,1.0147434255778722,0.0031845192275846896
1042,459.88372500876886,1.0147065982850882,0.0031842660513172125
1043,460.25868116450374,1.0149464809931898,0.0031841686896222836
1044,460.6336373202386,1.0169678230906651,0.0031841763996644235
1045,461.0085934759734,1.0184975044057611,0.0031842183566379283
1046,461.38354963170826,1.0199058445428246,0.003184784775780252
1047,461.758505787443,1.0163407020372128,0.003185008367002309
1048,462.1334619431779,1.017708813506172,0.0031850686129129835
1049,462.5084180989127,1.0183335022652766,0.003185119893658379
1050,462.88337425464755,1.0162079123112506,0.0031851093147633497
1051,463.25833041038237,1.018178109750905,0.0031851089561567387
1052,463.6332865661172,1.0203078986124092,0.00318503669692459
1053,464.008242721852,1.0174784924414304,0.0031849092122743236
1054,464.3831988775869,1.0198114525655195,0.0031855091611347904
1055,464.75815503332166,1.020234766501578,0.003186290206333892
1056,465.13311118905654,1.021839720241152,0.0031863907954883214
1057,465.5080673447913,1.0212524156579117,0.003185088874186514
1058,465.8830235005262,1.023818451790875,0.003185022531963449
1059,466.25797965626106,1.0229421375398535,0.0031851787051426087
1060,466.6329358119958,1.0240941107073966,0.0031856531416891705
1061,471.5073658365486,1.0268196248105728,0.00317391164402665
1062,471.8823219922835,1.0315573137282366,0.0031739462495646263
1063,472.25727814801826,1.0317542152912966,0.0031740357219141105
1064,472.63223430375314,1.0332029013535582,0.0031742064186610214
1065,476.00683970536664,1.03368663898866,0.0031757068287221048
1066,476.3817958611014,1.0320014168778748,0.003175892586946684
1067,476.7567520168363,1.0322012921764736,0.003176026347212646
1068,477.13170817257105,1.0342912007570346,0.003175843637144261
1069,477.50666432830593,1.0317972438166914,0.0031756137703065094
1070,477.88162048404075,1.03305839620031,0.003175592433213145
1071,478.2565766397756,1.034988588204755,0.003175614666823037
1072,478.6315327955104,1.0372803455022463,0.0031753779864596727
1073,479.0064889512452,1.0367783819508103,0.0031754999127074665
1074,479.38144510698004,1.0365033736949547,0.0031757970182848105
1075,479.7564012627149,1.0368503987425255,0.003175679395316351
1076,480.1313574184497,1.0366745608171173,0.003175506188323162
1077,480.50631357418456,1.0367024069695756,0.003175985107452363
1078,480.8812697299193,1.0350232250500842,0.0031766800870647862
1079,481.2562258856542,1.034250356610402,0.003176928242839707
1080,481.6311820413891,1.0348557686523838,0.003175826603330231
1081,482.00613819712385,1.0327708020077264,0.003175741613563387
1082,482.3810943528587,1.0323839726881594,0.003175664154535377
1083,482.75605050859355,1.0300763325041493,0.0031755845438677
1084,483.13100666432837,1.0293163812530661,0.003175720993683245
1085,483.5059628200632,1.0273377974201936,0.003175708442451855
1086,483.880918975798,1.0291991369552966,0.003176963206984295
1087,484.25587513153283,1.0276031730985797,0.003178030958169016
1088,484.6308312872677,1.0275143639895075,0.0031760595183241785
1089,485.0057874430025,1.0261632976136341,0.0031758190725913963
1090,485.38074359873735,1.0327556405728537,0.0031760636423002063
1091,485.7556997544721,1.027513220537384,0.0031764206351816136
1092,486.130655910207,1.0305291010530127,0.003176414538869224
1093,486.5056120659419,1.0269745387006282,0.003176406649523778
1094,486.88056822167664,1.0283879448704922,0.0031764156146890576
1095,487.2555243774115,1.0279505652877559,0.0031763828021841366
1096,487.6304805331463,1.0274842990445763,0.0031762259117917545
1097,488.00543668888116,1.0275658728977162,0.0031763394107841864
1098,488.380392844616,1.029327910672769,0.0031764873360112895
1099,488.7553490003508,1.0267817219600612,0.0031764032427609727
1100,489.1303051560856,1.0257262162842506,0.003176208519371114
1101,489.5052613118205,1.0308209258795276,0.003176926449806651
1102,489.88021746755527,1.0277571125519342,0.0031772023975939374
1103,490.25517362329015,1.0286807461822502,0.0031771227869262604
1104,490.6301297790249,1.0261349266570055,0.0031772907941235874
1105,491.0050859347598,1.0283617707771007,0.003177414513404437
1106,491.38004209049467,1.0271171040647273,0.0031774007070499073
1107,491.75499824622943,1.0278335313886333,0.0031773311373673426
1108,492.1299544019643,1.0276442545048032,0.0031773684324549033
1109,492.5049105576991,1.0289469729796026,0.0031778104151031546
1110,492.87986671343396,1.0296332362941443,0.003178436721549542
1111,493.2548228691688,1.0300679863679063,0.003178843919356511
1112,493.6297790249036,1.0306972626124271,0.0031784404869189585
1113,494.0047351806384,1.0327207412869737,0.00317853982095025
1114,494.37969133637324,1.0315500373565523,0.0031786319828493166
1115,494.75464749210806,1.033330892479809,0.003178499836313105
1116,495.12960364784294,1.0317091754728085,0.0031781579049093662
1117,495.5045598035777,1.0336755250713527,0.0031787087246641045
1118,495.8795159593126,1.0346916505188188,0.003179091537221515
1119,496.25447211504735,1.0364023616513025,0.0031794065731294173
1120,496.6294282707822,1.0370021254640487,0.0031801219933186766
1121,497.0043844265171,1.0361979042256995,0.0031795744010234394
1122,497.37934058225187,1.0383446833241006,0.003179381470666636
1123,497.75429673798675,1.039061604989736,0.003179648632591948
1124,498.12925289372157,1.038568056316982,0.0031798842371354784
1125,498.5042090494564,1.038847625123062,0.003179794406179384
1126,498.8791652051912,1.0374935272642443,0.0031794205587872522
1127,499.25412136092604,1.0332015400877823,0.0031791049849694336
1128,503.3786390740092,1.0390087724042543,0.0031814300109328734
1129,503.753595229744,1.0341943683681472,0.003181542972015388
1130,504.12855138547883,1.0342604380412412,0.0031817965068894763
1131,504.50350754121365,1.0327440276603177,0.003181795968979559
1132,504.87846369694853,1.0287961965023091,0.0031817468398738303
1133,505.2534198526833,1.0291493750496805,0.0031815600058294176
1134,505.6283760084182,1.0261323688505675,0.0031807920497716234
1135,506.00333216415294,1.0264917751444043,0.00318104325370274
1136,506.3782883198878,1.0268681003196904,0.003181356496577586
1137,506.7532444756227,1.0255248788242788,0.0031816831872003505
1138,507.12820063135746,1.0275841713592624,0.0031823514506202424
1139,507.50315678709234,1.0296598359045273,0.0031826361842695015
1140,507.8781129428271,1.033684421947735,0.0031827313943247645
1141,508.253069098562,1.0354672508417793,0.003182749324655322
1142,508.6280252542968,1.0361160505158256,0.0031829341863633736
1143,509.0029814100316,1.0366970758805318,0.0031833404876538155
1144,509.37793756576644,1.035105591559137,0.0031834692274272207
1145,509.75289372150127,1.0314149767273322,0.0031832373882531074
1146,510.1278498772361,1.0285615950196005,0.0031827927160552713
1147,510.50280603297097,1.0273392411607936,0.0031830692017524743
1148,510.87776218870573,1.02590225747956,0.003183215333946521
1149,511.2527183444406,1.0257849563513086,0.0031831421781978453
1150,511.6276745001755,1.0270990439094072,0.0031832244784151054
1151,512.0026306559103,1.0317437172658044,0.003184306215257663
1152,512.3775868116451,1.0286245359764805,0.003184854524766123
1153,512.7525429673799,1.0332979292384512,0.003184915487890019
1154,513.1274991231147,1.0360775331806418,0.0031854967892067055
1155,513.5024552788497,1.0360583760473625,0.0031851711744037745
1156,513.8774114345844,1.0358957907945856,0.003185255267654091
1157,514.2523675903193,1.0338713452942516,0.0031855218916694867
1158,514.627323746054,1.0312483862544553,0.0031844930493020755
1159,515.0022799017889,1.027293611397194,0.003185008546305615
1160,515.3772360575238,1.0284639997269607,0.003185179243052526
1161,515.7521922132586,1.0258995170577094,0.003184902936658629
1162,516.1271483689934,1.0258790641019564,0.003185215641623558
1163,516.5021045247282,1.0248642296114538,0.0031861241714729255
1164,516.877060680463,1.0283971380205672,0.0031876724555165983
1165,517.2520168361979,1.0309220046779066,0.0031889874659597126
1166,517.6269729919327,1.032354132091639,0.003187626195263759
1167,518.0019291476675,1.0318808283716212,0.003187595534398505
1168,518.3768853034024,1.0308052950530897,0.00318739417678634
1169,518.7518414591372,1.0260491923830282,0.0031870262464032927
1170,519.1267976148721,1.0234345996410612,0.003187054576325574
1171,519.5017537706068,1.0211027237402994,0.0031871458417081135
1172,519.8767099263417,1.0224141113509,0.003187694509823185
1173,520.2516660820766,1.027849822301713,0.0031885761441767155
1174,520.6266222378114,1.02964486730899,0.0031891570868867914
1175,521.0015783935462,1.0330318814603818,0.0031896824455721366
1176,521.376534549281,1.0319314631742587,0.003189879679208273
1177,521.7514907050158,1.03217568933458,0.003189749863615034
1178,522.1264468607507,1.0252967798591972,0.0031892906678494468
1179,522.5014030164855,1.0262178614708763,0.00318917698955371
1180,522.8763591722203,1.025051741429742,0.003189319177075034
1181,523.2513153279551,1.025722062348077,0.0031894807293533604
1182,523.62627148369,1.0234320150452447,0.0031890783727356415
1183,524.0012276394249,1.0234881095361419,0.003189428910698048
1184,524.3761837951596,1.0246544106451008,0.0031898221228471822
1185,524.7511399508945,1.0249635212853436,0.0031900769128444095
1186,525.1260961066292,1.0275639479752545,0.003190449325810097
1187,525.5010522623642,1.0271529162899093,0.003190828014391479
1188,525.876008418099,1.0295726179746973,0.00319121566813814
1189,526.2509645738338,1.0328017304630643,0.0031915938188096064
1190,526.6259207295686,1.031618885018531,0.0031918459192572498
1191,527.0008768853035,1.032941147370701,0.0031915292696195977
1192,527.3758330410383,1.0296186719912757,0.0031915579581484905
1193,527.7507891967731,1.031972285529417,0.0031919893619017136
1194,528.1257453525079,1.031806627193093,0.0031921731477899313
1195,528.5007015082427,1.0323772728628717,0.003192297225677392
1196,528.8756576639777,1.0317120708592324,0.0031922077533279077
1197,529.2506138197124,1.0315704065332132,0.0031920652071999725
1198,529.6255699754473,1.031358865376669,0.00319239422876571
1199,530.000526131182,1.0295845752461925,0.003193462876466959
1200,530.375482286917,1.0321798923284065,0.003194381626604745
1201,530.7504384426518,1.0315810644576697,0.0031946742495994494
1202,534.8749561557348,1.0396690326705822,0.0031960516575929056
1203,535.2499123114698,1.0408330551964886,0.003195846176004712
1204,535.6248684672046,1.0426687812605397,0.0031964692549915985
1205,535.9998246229394,1.0438934692635007,0.003196915182312573
1206,536.3747807786742,1.0453275143224523,0.0031971696137031895
1207,536.749736934409,1.0432627106987047,0.003197259086052673
1208,537.1246930901439,1.0459434279699544,0.0031972185635056123
1209,537.4996492458787,1.0433696543421564,0.0031974143627153044
1210,537.8746054016135,1.0456805981753146,0.003197540054332515
1211,543.498947737636,1.0409027733070786,0.0031989327031069453
1212,543.8739038933708,1.0393676750332606,0.0031995473548384694
1213,544.2488600491057,1.0404193154517785,0.0032001186151700434
1214,544.6238162048404,1.0384195587617788,0.0032001682821856886
1215,544.9987723605753,1.0389178924870328,0.0032003192555689853
1216,545.37372851631,1.0397838818993161,0.00320062568491822
1217,545.748684672045,1.0395553406344087,0.003201114465729228
1218,546.1236408277798,1.038498017366301,0.0032017370068061976
1219,546.4985969835146,1.0371459451027967,0.003201950019133225
1220,546.8735531392495,1.0381401424664944,0.003202071048864491
1221,547.2485092949843,1.0375187910599686,0.0032022422835213185
1222,547.6234654507191,1.0359315356129069,0.003202371740507946
1223,547.9984216064539,1.0366097790424869,0.00320271672006788
1224,548.3733777621887,1.036820455752915,0.0032027255059298527
1225,548.7483339179236,1.0365110872594232,0.0032023313972641913
1226,549.1232900736585,1.0370575784393632,0.0032024721503590707
1227,549.4982462293932,1.0350973678156543,0.00320253705815569
1228,549.8732023851281,1.0357344790691712,0.0032027240715034088
1229,550.2481585408628,1.0366635769696817,0.0032030638512674805
1230,550.6231146965978,1.0332439717325443,0.003203306269336623
1231,550.9980708523326,1.0328375404357448,0.00320311333897982
1232,551.3730270080674,1.0329623414414162,0.003202925608418879
1233,551.7479831638022,1.0329262234736274,0.0032030518379460066
1234,552.1229393195371,1.0316657814723733,0.0032034957929306194
1235,552.4978954752719,1.033356978129874,0.0032039399272185383
1236,552.8728516310067,1.0321048274748725,0.0032042970994032513
1237,553.2478077867415,1.0322469023769476,0.00320447801643858
1238,553.6227639424764,1.0331438667983486,0.0032048482777646
1239,553.9977200982112,1.0347835535591519,0.003205020408937956
1240,554.372676253946,1.037268592112531,0.0032054441026490386
1241,554.7476324096809,1.0349907566218886,0.00320618498390769
1242,555.1225885654156,1.0354729854971094,0.003206112903978847
1243,555.4975447211506,1.0348854639563103,0.0032063863415198544
1244,555.8725008768854,1.0358750516244637,0.003207001710464601
1245,556.2474570326202,1.0355964250357288,0.0032076350097399054
1246,556.622413188355,1.0356070498212222,0.0032076029144482068
1247,556.9973693440899,1.03393111669469,0.0032077088827018037
1248,557.3723254998247,1.0366367833087298,0.0032080422075468746
1249,557.7472816555595,1.0341227469011398,0.0032086071922627535
1250,558.1222378112943,1.033502874571216,0.0032090780427432037
1251,558.4971939670291,1.0324388896415255,0.0032091117517646524
1252,558.872150122764,1.0302602667868475,0.003208994846009415
1253,559.2471062784988,1.0312099808018504,0.003208964543750772
1254,559.6220624342337,1.0294449588553256,0.003210088954780057
1255,559.9970185899684,1.0299464660695057,0.0032105219722630297
1256,560.3719747457034,1.0275452869325687,0.0032104522232771593
1257,560.7469309014381,1.0265568831882075,0.0032099919516917386
1258,561.121887057173,1.0283101784977189,0.003209958063366984
1259,561.4968432129078,1.0264921295734215,0.0032101065265040026
1260,561.8717993686427,1.0252966215498653,0.0032102560654608562
1261,564.8714486145212,1.0273489518404795,0.0032123671825807407
1262,565.2464047702562,1.021397676278438,0.003212521921333455
1263,565.6213609259909,1.020095946275087,0.003212085317784371
1264,565.9963170817258,1.0283497511440611,0.003212380630328659
1265,566.3712732374606,1.0259222389871545,0.0032124335248038052
1266,566.7462293931954,1.0226355833910459,0.003211959088257243
1267,570.8707471062786,1.026918495366021,0.0033050781083699124
1268,571.2457032620134,1.027173867729203,0.003304913507935391
1269,571.6206594177482,1.0259942667765862,0.003304658897241469
1270,571.9956155734831,1.0266350874613621,0.0033051146862442503
1271,572.3705717292179,1.0272116881469346,0.0033060063615828936
1272,572.7455278849527,1.0241816498288792,0.0033064393790658664
1273,573.1204840406875,1.0244004177797157,0.0033057938871657823
1274,573.4954401964224,1.026879082279605,0.0033056389691097626
1275,573.8703963521572,1.0282333545784548,0.0033058449886078723
1276,574.245352507892,1.0249272994377066,0.0033061336669298544
1277,574.6203086636268,1.0253307340123619,0.0033067786209200214
1278,574.9952648193618,1.027288775412939,0.003307192632252603
1279,575.3702209750965,1.0257236528089881,0.003307518067752228
1280,575.7451771308314,1.0263576093995876,0.003308100444888748
1281,576.1201332865662,1.0283397098905809,0.0033084382523164584
1282,576.495089442301,1.0286669999094795,0.0033086250863608715
1283,576.8700455980359,1.0279790765909578,0.003308724778998773
1284,577.2450017537707,1.026150672720621,0.0033083706549702553
1285,577.6199579095055,1.0252821829022165,0.003308974548503444
1286,577.9949140652403,1.0266677412977854,0.0033095251889548767
1287,578.3698702209751,1.0285695660848617,0.00330974609062735
1288,578.74482637671,1.0274479848130775,0.00330978338571491
1289,579.1197825324448,1.0279518937902834,0.00330990262241312
1290,579.4947386881796,1.0261308404586795,0.0033098629963825873
1291,579.8696948439145,1.0245237323733956,0.0033098371767065838
1292,580.2446509996493,1.024444060371129,0.0033102070794259926
1293,580.6196071553842,1.025177156267952,0.0033107519821716463
1294,580.9945633111189,1.0246397232946538,0.0033111152506687495
1295,581.3695194668538,1.0221804934526602,0.0033114290314535124
1296,581.7444756225887,1.0238272114149656,0.003312481900463871
1297,582.1194317783235,1.02620274316541,0.0033112300047843197
1298,582.4943879340583,1.0242713379752306,0.0033110130477845695
1299,582.8693440897931,1.024739376613974,0.003311475471009657
1300,583.2443002455279,1.0217581258229793,0.0033114501892435705
1301,583.6192564012628,1.0233293128026446,0.0033115961421343117
1302,583.9942125569976,1.019205570037031,0.003311714482315994
1303,584.3691687127324,1.0202196966123647,0.0033118261882753687
1304,584.7441248684673,1.0213205478966818,0.003312183539763388
1305,585.119081024202,1.0179447955834076,0.0033123488574111314
1306,585.494037179937,1.0172039014126817,0.003318439432095031
1307,587.7437741143459,1.0184066991243372,0.003315416736969584
1308,588.1187302700807,1.0154725457491227,0.0033145299028201915
1309,588.4936864258156,1.0168480242560731,0.0033144065421459533
1310,588.8686425815504,1.0184541443628117,0.003314911639557769
1311,589.2435987372852,1.0161853165236656,0.0033153208097010996
1312,589.61855489302,1.0160882623224436,0.003315919682741733
1313,589.9935110487548,1.0175699803658178,0.0033206267531197863
1314,591.1183795159594,1.0173190441035072,0.003320356184431668
1315,591.4933356716942,1.0180137057974716,0.0033179716297707757
1316,591.8682918274291,1.015674341300582,0.0033178468346700928
1317,592.2432479831639,1.0171234962507716,0.003317382259805339
1318,592.6182041388987,1.018381410770266,0.0033178186840511176
1319,592.9931602946335,1.0190398768656581,0.0033185086431709847
1320,593.3681164503683,1.0209811268658013,0.0033189687354530997
1321,593.7430726061032,1.0203479265592128,0.0033184763685759804
1322,594.118028761838,1.0206843572810471,0.0033181776492688855
1323,594.4929849175728,1.0188770783918981,0.003317706081575214
1324,594.8679410733076,1.0193034905128489,0.003317233079455097
1325,598.617502630656,1.0137213474565698,0.003319163458842959
1326,598.9924587863908,1.0148012758398364,0.003319278930171751
1327,599.3674149421256,1.0148540924878429,0.003319241455780885
1328,599.7423710978604,1.0133048455781508,0.0033195555951722588
1329,600.1173272535954,1.0148351384920697,0.0033195588226317594
1330,600.4922834093301,1.0147636723080988,0.003319493018318612
1331,600.867239565065,1.0135040690871493,0.0033196963482671382
1332,601.2421957207997,1.0124745790683713,0.0033194594886004685
1333,601.6171518765346,1.0118915892398763,0.003319713561384474
1334,601.9921080322695,1.01306798010892,0.003320452291003458
1335,602.3670641880043,1.0115643178349756,0.0033215793915823267
1336,602.7420203437391,1.0125365570076044,0.00332158046740216
1337,603.1169764994739,1.008909190343259,0.0033214214253701113
1338,603.4919326552088,1.0102332091562016,0.0033215399448550996
1339,603.8668888109436,1.0098604970958276,0.003322295528984808
1340,604.2418449666784,1.0093258770260785,0.003320914714228546
1341,604.6168011224132,1.0078201052507005,0.003320683592267655
1342,604.991757278148,1.009664903341446,0.0033209713740731087
1343,605.3667134338829,1.0090649067767958,0.0033209753187458317
1344,605.7416695896178,1.0049860330465983,0.003320202700802093
1345,606.1166257453525,1.004648043078618,0.003320205390351676
1346,606.4915819010874,1.005345971686638,0.003320526701875274
1347,606.8665380568223,1.005617612058593,0.003320645938573483
1348,607.2414942125571,1.0074663600176639,0.00332075316195022
1349,607.6164503682919,1.0055279840525941,0.003321019965268921
1350,607.9914065240267,1.0040037370408377,0.0033210759079002616
1351,608.3663626797616,1.0036216897421077,0.0033204637664150157
1352,608.7413188354964,1.004311900598225,0.003320537997983525
1353,609.1162749912312,1.003420752218299,0.003320619760290869
1354,609.491231146966,1.0014388363912603,0.0033205641762661395
1355,609.8661873027008,0.9994700464607497,0.00332028553892927
1356,610.2411434584357,1.0000448236311454,0.003319830467139711
1357,610.6160996141706,1.0036654689122093,0.003320068761232825
1358,610.9910557699053,1.0022664498409926,0.003320451215183625
1359,611.3660119256402,0.9997385445084492,0.003320377521525032
1360,611.740968081375,0.998641395815587,0.0033197214507299194
1361,612.1159242371099,1.0003309961393922,0.0033195821320614848
1362,612.4908803928447,1.0004961988433736,0.0033199129466602775
1363,612.8658365485795,1.0007175349596493,0.0033203608463176133
1364,613.2407927043143,0.9996209641621798,0.0033195894834970132
1365,613.6157488600492,1.0012100857823916,0.0033195754978391783
1366,613.990705015784,1.0019450240204,0.0033199665583486457
1367,614.3656611715188,1.0010468275872562,0.003320157516369087
1368,614.7406173272536,1.002445939519135,0.0033209710154664977
1369,615.1155734829885,1.003801006670936,0.003321685359835924
1370,615.4905296387234,1.002352970916884,0.0033218974756464236
1371,615.8654857944581,1.0021609752595473,0.0033212541353860067
1372,616.240441950193,1.002694173435633,0.0033222944531649747
1373,616.6153981059277,1.0020335847236679,0.0033224854111854165
1374,616.9903542616627,1.0044283912169414,0.0033219268813885383
1375,617.3653104173975,1.0033997003521575,0.0033211320298349076
1376,617.7402665731323,1.0012916095017235,0.0033213324909305447
1377,618.1152227288671,1.0012090935716838,0.0033217199653739005
1378,618.490178884602,1.0040417241391906,0.0033222148424972985
1379,618.8651350403368,1.0029696875954017,0.003322750600774367
1380,619.2400911960716,1.0036473072279435,0.0033218852830216436
1381,619.6150473518064,1.0047991466391346,0.0033213534694172975
1382,619.9900035075412,1.00160399022813,0.0033217850524738255
1383,620.3649596632762,1.0039997563549314,0.00332330159983241
1384,620.7399158190109,1.0018488891187993,0.0033217976037052156
1385,621.1148719747458,1.0029900047489444,0.003320756927319637
1386,621.4898281304805,1.0005277803711103,0.003320508233634799
1387,621.8647842862155,1.002064795373224,0.003320681261324682
1388,622.2397404419503,1.0004354068684238,0.0033206391250478716
1389,622.6146965976851,0.9995940759471642,0.0033201530337864478
1390,622.9896527534199,0.9998327107087317,0.003319773627991843
1391,623.3646089091548,1.0014315658046935,0.003320101573737746
1392,627.4891266222379,0.9987272684117489,0.0033193438379683707
1393,627.8640827779727,0.9994549059612572,0.003319640226332492
1394,628.2390389337075,1.0005175400002748,0.003319362664815456
1395,628.6139950894424,1.000548530591728,0.0033192762406221666
1396,628.9889512451772,0.9999903045251451,0.003319778469181093
1397,629.363907400912,0.999743988394312,0.003320011204871735
1398,629.7388635566468,0.9992898590117452,0.003320903238816989
1399,630.1138197123817,0.9999452097180737,0.0033391303163456
1400,634.6132935811996,1.008313873830377,0.003319210974218937
1401,634.9882497369344,1.005319641123129,0.0033183314915050735
1402,635.3632058926693,1.0033405378471827,0.003318429032503308
1403,635.7381620484042,1.0051640250234062,0.0033179327209534653
1404,636.1131182041389,1.0025045487210575,0.0033171319523907505
1405,636.4880743598738,1.0001402097800332,0.003316386409246154
1406,636.8630305156086,1.00159398232294,0.0033165528027137314
1407,637.2379866713435,1.0003224281747127,0.003316285282181808
1408,637.6129428270783,1.001380981268259,0.003316076214527503
1409,637.9878989828131,1.0014564168514768,0.003316084821086171
1410,638.362855138548,1.0011286547009761,0.003316083028053115
1411,638.7378112942828,1.002604456085486,0.0033157792882534645
1412,639.1127674500176,1.0020149686710722,0.003316001803655688
1413,639.4877236057524,1.00171208951387,0.003316771732049843
1414,639.8626797614872,1.002181044211245,0.003316275241196696
1415,640.2376359172221,1.0007227912160923,0.0033162910198875862
1416,640.6125920729569,1.0025584172272217,0.0033162669932446393
1417,640.9875482286917,1.0015847353606278,0.0033158619470773365
1418,641.3625043844266,1.00286571330683,0.003315544938833073
1419,641.7374605401614,1.0020493968084718,0.003315220579153281
1420,642.1124166958963,1.0050624981239822,0.0033148616139355115
1421,642.4873728516311,1.0014672649387464,0.0033145135862193836
1422,642.8623290073659,1.004877858011334,0.003314399190710425
1423,643.2372851631008,1.003104757375073,0.003314685538089434
1424,643.6122413188356,1.002777963460186,0.003314803878271116
1425,643.9871974745704,1.0041469890134835,0.00331449224912602
1426,644.3621536303052,1.0021265323028719,0.0033145270339673015
1427,644.73710978604,1.0044210562498093,0.003314496193798743
1428,645.1120659417749,1.0050600137930978,0.0033144486784227644
1429,645.4870220975097,1.0052770355070846,0.0033144320032153455
1430,645.8619782532445,1.0059689529737414,0.0033144359478880685
1431,646.2369344089794,1.0042536507597113,0.003314657566773763
1432,647.3618028761838,1.0052102431818453,0.003314004185528234
1433,647.7367590319187,1.005399053504497,0.0033141357941545296
1434,648.1117151876535,1.0068187462256009,0.0033141036988628306
1435,648.8616274991232,1.006190537705148,0.0033138951691184426
1436,649.236583654858,1.0017142636687097,0.003313886562559775
1437,650.3614521220625,1.0076914235986265,0.003314462843383905
1438,650.7364082777973,1.0072810886876045,0.0033136602817881344
1439,651.1113644335322,1.0076147689067951,0.0033126472181116144
1440,651.4863205892669,1.0165488695238445,0.0033123036729781254
1441,651.8612767450019,1.0063195635650009,0.0033123983451234713
1442,658.235531392494,1.0063764491695897,0.003483754569592382
1443,658.6104875482288,1.0070525916998228,0.0034832367416458704
1444,658.9854437039636,1.0063906447644797,0.003483591582887611
1445,659.3603998596984,1.0092312143424906,0.0034837674794303834
1446,659.7353560154332,1.0067567134248119,0.0034827103071406905
1447,660.1103121711681,1.008046229077213,0.003483720860570933
1448,660.4852683269029,1.0074107191633472,0.003483432182248951
1449,660.8602244826377,1.0091551158288263,0.0034826271104069027
1450,661.2351806383725,1.0071201816261008,0.0034827766493637554
1451,661.6101367941075,1.0070746165212747,0.0034821869207917067
1452,661.9850929498422,1.0058460761641497,0.0034817531860955116
1453,662.3600491055771,1.005918361385493,0.003481745296750066
1454,662.7350052613118,1.0071303323056993,0.003482157694352897
1455,663.1099614170467,1.0047721778887002,0.003481273729056394
1456,663.4849175727816,1.0059576694819126,0.0034809705271666605
1457,663.8598737285164,1.002470127834064,0.003481105542555761
1458,664.2348298842512,1.0047469878968327,0.0034811643540399906
1459,664.609786039986,1.0024308621836067,0.0034810069257376923
1460,664.9847421957209,1.002656584410075,0.0034812913007803404
1461,665.3596983514557,1.002819817291855,0.0034814135856347456
1462,665.7346545071905,1.0037808125354513,0.0034806427607240627
1463,666.1096106629253,1.0053166175955042,0.003480329876455827
1464,666.4845668186603,1.0045766441369088,0.0034802239082022297
1465,666.859522974395,1.0068734730376236,0.0034802115362741453
1466,667.2344791301299,1.0087352256875428,0.0034801780065560023
1467,667.6094352858646,1.0065932947474594,0.00347964601364835
1468,667.9843914415995,1.0064107198564347,0.0034793379705693648
1469,668.3593475973344,1.0064017297615668,0.0034793123301966678
1470,668.7343037530692,1.0052702984618522,0.003479474599688217
1471,669.109259908804,1.0082360963328596,0.0034788312594278
1472,669.4842160645388,1.0072585128263358,0.0034781703474434365
1473,669.8591722202736,1.0066700332738459,0.0034780297736518627
1474,670.2341283760085,1.0079581051749118,0.0034785429397124297
1475,670.6090845317433,1.0089309866181315,0.0034780362285708635
1476,670.9840406874781,1.0101790805120827,0.0034773600758055256
1477,671.358996843213,1.0089693575031613,0.003476960767344002
1478,671.7339529989478,1.0116356847845467,0.0034771138923669663
1479,672.1089091546827,1.0122560835377938,0.0034777098965547105
1480,672.4838653104174,1.0108741065280002,0.0034772082059057008
1481,672.8588214661523,1.0129776839276712,0.0034762804906026358
1482,673.2337776218872,1.0124175590418778,0.003476147806156508
1483,673.608733777622,1.013959214411303,0.003475980516172403
1484,673.9836899333568,1.0123571370335522,0.0034762772631431356
1485,674.3586460890916,1.0122863986481283,0.00347655087998745
1486,674.7336022448264,1.0127363774920588,0.0034762313614969077
1487,675.1085584005613,1.0157172350516155,0.0034767631751012546
1488,675.4835145562961,1.014579719633254,0.0034768725501176574
1489,675.8584707120309,1.0139405544394053,0.0034765931955675652
1490,676.2334268677657,1.0110893618381835,0.0034762772631431356
1491,676.6083830235006,1.0113242452154325,0.0034754273654746927
1492,676.9833391792355,1.011985235901367,0.0034757244710520367
1493,677.3582953349702,1.0098240431215832,0.0034759925294938774
1494,677.7332514907051,1.007119501626561,0.003475148010924601
1495,678.10820764644,1.0077414343125988,0.003475880823534501
1496,678.4831638021748,1.0099477996706836,0.0034751306185039597
1497,678.8581199579096,1.009669488118136,0.0034738044912558993
1498,679.2330761136444,1.0091769912346586,0.0034729393528064815
1499,679.6080322693792,1.00749238037024,0.0034732664020358573
1500,679.9829884251141,1.0044169582271936,0.003473027570032826
1501,680.3579445808489,1.006175058684593,0.003472706258509229
1502,680.7329007365837,1.0042344735176247,0.0034731668887012608
1503,681.1078568923185,1.005246742874351,0.0034728536458264146
1504,681.4828130480533,1.005036611765711,0.0034725667605374887
1505,681.8577692037883,1.0073979893098584,0.003472530541269762
1506,682.232725359523,1.0054062195063025,0.003472750367122401
1507,682.6076815152579,1.0087119418422241,0.0034721611764602697
1508,682.9826376709926,1.0070634473237574,0.003472011637503417
1509,683.3575938267276,1.0066626011503759,0.003471712559589711
1510,683.7325499824624,1.004782992195607,0.0034711608433184455
1511,684.1075061381972,1.00597431562464,0.0034708972674592454
1512,684.4824622939319,1.0080613931805569,0.0034707527489949482
1513,684.8574184496669,1.0065906215866565,0.003470994091244257
1514,685.2323746054017,1.0095985528678582,0.0034714036199941997
1515,685.6073307611365,1.0117990259635106,0.0034715271599717427
1516,689.3568923184848,1.003603748089108,0.0034702530306823004
1517,689.7318484742196,1.0037736492602636,0.003470056514259386
1518,690.1068046299546,1.0038882138463694,0.0034695942703376033
1519,690.4817607856893,1.003889639829065,0.003468987866558137
1520,690.8567169414241,1.0029839944261039,0.003468967067374689
1521,691.2316730971589,1.0016611783629623,0.0034713507255190535
1522,691.6066292528939,1.0024255709328838,0.0034719942450827756
1523,691.9815854086287,0.9984787370604196,0.0034689070007673205
1524,692.3565415643634,0.9996621049796897,0.0034690258788589194
1525,692.7314977200982,0.9970239835192162,0.0034685849720305006
1526,693.1064538758332,0.9942680305585816,0.0034678846133189105
1527,693.481410031568,0.9951957180587314,0.0034671991367816826
1528,693.8563661873028,0.9925669483358726,0.003466847343696137
1529,694.2313223430375,0.9910264309885933,0.0034663411704644884
1530,694.6062784987724,0.9924206086697306,0.003466241836433198
1531,694.9812346545073,0.992470881901186,0.0034665812575906574
1532,695.3561908102421,0.9917026307017646,0.003466053926568951
1533,695.731146965977,0.9923557596555221,0.003465876057689817
1534,696.1061031217117,0.9905322609859959,0.0034657220361503246
1535,696.4810592774465,0.9905087471449113,0.0034654971898051283
1536,696.8560154331814,0.9913373227669319,0.0034656838445462365
1537,697.2309715889163,0.9917751789227588,0.003465995294388026
1538,697.6059277446511,0.9925619275686866,0.0034659814880334972
1539,697.9808839003858,0.9952312381046202,0.003465566580184388
1540,698.3558400561207,0.9951541781951455,0.0034652621231715153
1541,698.7307962118556,0.9933994903943584,0.0034651231631096916
1542,699.1057523675904,0.9948653558705249,0.003465047138508126
1543,699.4807085233252,0.9966313949859722,0.0034649591005850864
1544,699.8556646790599,0.9980817751081013,0.0034651229838063864
1545,700.2306208347949,0.998222837494753,0.0034650645309287674
1546,700.6055769905297,0.9980773762352255,0.0034648696282356026
1547,700.9805331462645,1.0004783790982832,0.003464685304437468
1548,701.3554893019995,1.0004774237657983,0.0034651054120824394
1549,701.7304454577342,1.0018784325425942,0.0034647677839580344
1550,702.105401613469,1.001526004356354,0.003465157768647668
1551,702.4803577692038,0.9978307577593231,0.0034667064112979522
1552,702.8553139249387,1.0068237838919138,0.003466544321109709
1553,703.2302700806736,0.9982954565067275,0.003465493783042323
1554,703.6052262364084,1.001703587742134,0.003464511738837668
1555,703.9801823921431,0.996188468000716,0.0034639713186746537
1556,704.355138547878,0.9950006173024506,0.0034638904528838375
1557,704.7300947036128,0.9942339310600439,0.003463186149499524
1558,705.1050508593477,0.9945854904991251,0.003462588172975419
1559,705.4800070150826,0.9935487103682262,0.0034624155038921467
1560,705.8549631708173,0.9936039096007936,0.0034623147354344115
1561,706.2299193265521,0.9963486325928937,0.0034627809240289154
1562,706.604875482287,1.002015304128268,0.003463061892308758
1563,706.9798316380219,1.0012363079950428,0.0034627427324248274
1564,707.3547877937567,1.0028724348752855,0.0034633989825232463
1565,707.7297439494914,1.0035893608419637,0.0034627212160281582
1566,708.1047001052262,1.0012115268169486,0.0034622227528386495
1567,708.4796562609612,0.9970737338465462,0.00346255285022422
1568,708.854612416696,0.996080954920828,0.0034614203705461842
1569,709.2295685724308,0.9932451727220666,0.003461065529304444
1570,709.6045247281655,0.9931375462647902,0.003461080949388724
1571,709.9794808839005,0.9948557605183674,0.00346116181517954
1572,710.3544370396353,0.999003031085564,0.003460896087680672
1573,710.7293931953701,1.0035802772504019,0.003461150160464677
1574,711.104349351105,1.0011943873102453,0.0034612034135464336
1575,711.4793055068398,0.998187064384193,0.003460620139893386
1576,711.8542616625746,0.9963720406675038,0.003460143910313769
1577,712.2292178183094,0.9923836658052034,0.0034597437053357173
1578,712.6041739740443,0.9940676559042464,0.0034597824348497216
1579,712.9791301297792,0.9950274686338761,0.0034601675783501053
1580,713.3540862855139,0.9979536989333782,0.0034599753652065253
1581,713.7290424412487,1.0004171221124267,0.00346016614392366
1582,714.1039985969836,1.0027091815429765,0.003460367501535826
1583,714.4789547527184,1.005979607487242,0.0034607413489279567
1584,714.8539109084533,1.003920764802168,0.0034605269021744855
1585,715.228867064188,0.9989529346897712,0.003459722009635742
1586,715.6038232199229,0.9966903930494089,0.003459225339479289
1587,715.9787793756577,0.9952829449270014,0.003458625928528739
1588,720.1032970887409,0.9986815844619858,0.0034574626086821434
1589,720.4782532444757,0.9943358672580925,0.0034573062561996794
1590,720.8532094002106,0.9945782223797541,0.003457055948785092
1591,721.2281655559453,0.9971409912462058,0.003456882383185291
1592,721.6031217116802,1.0000647408825183,0.003456960200819912
1593,721.978077867415,0.9993505116196646,0.0034570885819867076
1594,722.3530340231499,1.0042049076233852,0.0034569080235579896
1595,722.7279901788847,1.0037815805721872,0.003456462992753542
1596,723.1029463346194,1.003111915532485,0.003456466220213043
1597,723.4779024903543,1.0026007010012687,0.0034564248011494537
1598,723.8528586460892,1.0017776789139747,0.003456264862600878
1599,724.227814801824,1.003437086530941,0.0034560021832582043
1600,724.6027709575588,0.9994663339522059,0.003455956281611977
1601,724.9777271132936,0.9995896974818785,0.0034555851237694285
1602,725.3526832690285,0.9981770977987146,0.0034554056411605447
1603,725.7276394247633,1.000418025122116,0.003455597316394208
1604,726.1025955804981,1.0023518516062426,0.0034556297702925177
1605,726.4775517362331,1.00254513159275,0.003455697546942027
1606,726.8525078919678,1.0030676994129193,0.003455629949595824
1607,727.2274640477026,1.0066097504992615,0.003455486327648055
1608,727.6024202034374,1.0090003317143323,0.0034556188327908776
1609,727.9773763591724,1.0078256547885345,0.0034552869423722507
1610,728.3523325149072,1.0083560117160535,0.0034551115837393952
1611,728.7272886706419,1.0066466555632747,0.003455250185194607
1612,729.1022448263767,1.0054658218940027,0.003455120190298063
1613,729.4772009821116,1.0046269865133546,0.0034548802824751986
1614,729.8521571378465,1.0076100096999134,0.0034547049238423423
1615,730.2271132935813,1.008685538152935,0.0034546859176919514
1616,730.602069449316,1.0089561333634058,0.0034550552825014435
1617,730.9770256050509,1.0098919847287915,0.003455129872676564
1618,731.3519817607857,1.0114101176550463,0.0034551847394880715
1619,731.7269379165206,1.0097180624743092,0.00345518438088146
1620,732.1018940722555,1.011214083005298,0.003454617782435831
1621,732.4768502279903,1.0119714067217003,0.0034542699340230085
1622,732.851806383725,1.0128205835807913,0.003454245728076755
1623,733.2267625394599,1.0111433840341735,0.0034543925774840243
1624,733.6017186951948,1.0098241793236618,0.0034542243909833916
1625,733.9766748509296,1.011528812612835,0.0034546439607184456
1626,734.3516310066644,1.0111183277986584,0.0034553834075506528
1627,734.7265871623991,1.0073360160026552,0.0034558182180666813
1628,735.1015433181341,1.008256513443606,0.003454603796777996
1629,735.4764994738689,1.0048810196884939,0.0034537209073013265
1630,735.8514556296037,1.0038838942788928,0.003453244319115098
1631,736.2264117853387,1.0046994820617807,0.003453131358032583
1632,736.6013679410734,1.0061459225395069,0.0034531143242185537
1633,736.9763240968082,1.0061825359063947,0.003452945958414615
1634,737.351280252543,1.0048187590755586,0.003452561352824148
1635,737.7262364082779,1.0065381350428007,0.0034521582789932073
1636,738.1011925640128,1.0061806643032676,0.0034523438579144813
1637,738.4761487197475,1.010240431807788,0.0034527114296909176
1638,738.8511048754823,1.0110733214796408,0.0034525835864340397
1639,739.2260610312172,1.0112933770033217,0.003451859738989419
1640,739.601017186952,1.012437989055753,0.003451818678532441
1641,739.9759733426869,1.0112435433978528,0.0034522723158955555
1642,740.3509294984216,1.014179949337852,0.003452477259573832
1643,741.1008418098913,1.0129705569474532,0.003452853079302325
1644,741.4757979656262,1.0143406904155963,0.0034525791038514005
1645,741.8507541213611,1.0110113297892367,0.0034523911939871536
1646,742.2257102770958,1.0104212522812142,0.003452475825147387
1647,742.6006664328306,1.0102032303904662,0.0034518726488274205
1648,742.9756225885654,1.00836581922109,0.0034518726488274205
1649,743.3505787443004,1.0131143409272638,0.003451785148814297
1650,743.7255349000352,1.010309913853919,0.0034516017215326907
1651,744.1004910557699,1.0114921781593864,0.0034519389910504846
1652,744.4754472115047,1.0094647008236515,0.003451814913163024
1653,744.8504033672397,1.0087586651808778,0.0034514494930262545
1654,748.9749210803228,1.0023610004791916,0.0031905538596372495
1655,749.3498772360576,1.0009921803901505,0.0031901307038360834
1656,749.7248333917925,1.0019119539811403,0.0031905092131141602
1657,750.0997895475272,1.005636812498401,0.003190883777719514
1658,750.4747457032621,1.0030483589458958,0.003190077630057632
1659,750.8497018589969,1.0023782332678945,0.0031900195357866244
1660,751.2246580147317,1.0025596534255032,0.0031898429220306294
1661,751.5996141704667,1.0052736183660445,0.0031899275531908624
1662,751.9745703262014,1.0051165848857115,0.0031903975071547845
1663,752.3495264819362,1.0061223616624746,0.0031902117489302053
1664,752.724482637671,1.0068980311599458,0.003193443511709957
1665,753.099438793406,1.00760831788718,0.0031941903099776923
1666,753.4743949491408,1.0084827469270328,0.003190189336017007
1667,753.8493511048755,1.008397671081183,0.00319035590878789
1668,754.2243072606103,1.0071373122811362,0.0031899478144643925
1669,754.5992634163453,1.00791323441389,0.003189753808287757
1670,754.9742195720801,1.0066104522688055,0.003190204218191371
1671,755.3491757278149,1.0100636381205064,0.0031899657447949504
1672,755.7241318835496,1.00847756984091,0.0031898260675199052
1673,756.0990880392845,1.010730911409095,0.0031905940235776985
1674,756.4740441950194,1.0090143761259527,0.0031919059858646188
1675,756.8490003507542,1.0111523064305543,0.0031904731731497386
1676,757.2239565064891,1.0121358291585258,0.0031899062160974986
1677,757.5989126622238,1.0098305656361974,0.0031896611084787727
1678,757.9738688179586,1.0115068544825963,0.0031894574199236355
1679,758.3488249736935,1.0119083925647907,0.0031892090848454086
1680,758.7237811294284,1.0092057208390481,0.0031888300376574146
1681,759.0987372851632,1.0118385062152564,0.003188687850136091
1682,759.4736934408979,1.008381129846153,0.003188883470042477
1683,759.8486495966328,1.0083181554667342,0.0031888156933929687
1684,760.2236057523677,1.0075449782662007,0.003188388951525691
1685,760.5985619081025,1.008740702330392,0.0031882039105143338
1686,760.9735180638373,1.0071494032374186,0.003188361697423243
1687,761.3484742195723,1.0074376890552397,0.003188108879762377
1688,761.723430375307,1.0080690375016337,0.0031881372096846587
1689,768.472641178534,1.0039221497272581,0.00318726687143938
1690,768.8475973342688,1.0054337913429299,0.0031876123889092297
1691,769.2225534900035,1.0041103204585253,0.0031874605190094045
1692,769.5975096457383,1.004402662120473,0.0031873298068996374
1693,769.9724658014733,1.0044116489716677,0.00318747934585649
1694,770.3474219572081,1.004362029997008,0.0031866206623260736
1695,770.7223781129429,1.0036680205855457,0.003186816461535765
1696,771.0973342686776,1.003830170653825,0.003186908444131527
1697,771.4722904244126,1.0032222001058595,0.003186420021927131
1698,771.8472465801474,1.0034696727323908,0.003186069483964724
1699,772.2222027358822,1.0029383120319801,0.0031869575732372557
1700,772.5971588916171,1.0038620433884682,0.0031880627988128433
1701,772.9721150473518,1.002965261304272,0.0031885123121999292
1702,773.3470712030867,1.0055506679319435,0.00318793477625266
1703,773.7220273588215,1.003449687535632,0.0031867938693192622
1704,774.0969835145564,1.0008911787081831,0.0031864969430452235
1705,774.4719396702912,1.0028998037229033,0.0031872286798352916
1706,774.846895826026,1.0016778233526025,0.0031869726347149244
1707,775.2218519817608,0.999327747272883,0.0031871460210114192
1708,775.5968081374957,1.0018551236433426,0.003186929064011669
1709,775.9717642932305,1.0028245129653193,0.0031860696632680296
1710,776.3467204489654,1.0023363932374922,0.003186166666356348
1711,776.7216766047003,1.0011411401759684,0.00318603111305733
1712,777.096632760435,0.9996585256048846,0.0031857020914915933
1713,777.4715889161698,1.0018605887588963,0.0031853852625506347
1714,781.596106629253,0.9983943451913222,0.003184864565751235
1715,781.9710627849878,1.0010927636463007,0.003184538233735081
1716,782.3460189407227,1.000708982661393,0.003184618740919286
1717,782.7209750964574,1.0012720984868972,0.0031845891558738657
1718,783.0959312521923,1.0016762710840221,0.0031846929724877954
1719,783.4708874079271,1.003014471531356,0.003185206676458279
1720,783.845843563662,1.0013265353005636,0.0031849927676147237
1721,784.2207997193968,0.9999193288846033,0.003185052654918787
1722,784.5957558751315,1.0013948858834598,0.003185183904938471
1723,784.9707120308664,1.0025103424933637,0.003184970534004832
1724,785.3456681866013,1.002845746527266,0.003184760928440611
1725,785.7206243423361,1.0022452156421195,0.0031848807030487366
1726,786.095580498071,1.0005992311892298,0.0031848948680098773
1727,786.4705366538057,1.0010373505567185,0.003184320200915498
1728,786.8454928095406,0.9998975545810111,0.0031844596988872386
1729,787.2204489652754,1.0004478909228554,0.003184518510371468
1730,787.5954051210102,1.0021337088381177,0.0031846831108059887
1731,787.9703612767452,1.0015183873989633,0.0031852012973591116
1732,788.3453174324799,1.002108743700982,0.0031848821374751814
1733,788.7202735882147,1.0038483101172282,0.0031846355954300107
1734,789.0952297439495,1.0033327309810343,0.0031845534745160555
1735,789.4701858996845,1.0033033942586713,0.003184555446852417
1736,789.8451420554193,1.003179861082912,0.0031844397962203183
1737,790.2200982111541,1.0016300547513795,0.0031844019632228417
1738,790.5950543668888,1.0055559086803,0.0031844001701897863
1739,790.9700105226237,1.0030423203603367,0.0031843743505137823
1740,791.3449666783586,1.0045471147335479,0.0031838970451143317
1741,791.7199228340934,1.0047282786597442,0.0031840446117348234
1742,792.0948789898283,1.0039987602001101,0.003184560108738362
1743,792.469835145563,1.0052216996394716,0.0031849434592056895
1744,792.8447913012978,1.0024886700738571,0.0031841233258859724
1745,793.2197474570327,1.0050024889594211,0.0031842780646386864
1746,793.5947036127676,1.0036625225323053,0.003184594176366422
1747,793.9696597685024,1.0035620861342283,0.0031839633873373963
1748,794.3446159242371,1.003034305409767,0.0031840691762876866
1749,794.719572079972,1.0029331094840055,0.0031839504774993943
1750,795.0945282357069,1.0024433270729918,0.003183654627045189
1751,795.4694843914417,1.0020692438861105,0.0031833733001587357
1752,795.8444405471765,1.0011819363670456,0.0031835190737461716
1753,796.2193967029112,1.0014500046602244,0.0031837770912028994
1754,796.5943528586462,0.999733980570527,0.003184115077933916
1755,796.969309014381,1.0001949338564926,0.003184478705037629
1756,797.3442651701158,0.998921630792209,0.0031846416917424
1757,797.7192213258508,0.9997860242232531,0.003184661415106014
1758,798.0941774815855,1.0010563338090657,0.00318445109232857
1759,798.4691336373203,1.000402517740441,0.0031838219170292944
1760,798.8440897930551,1.000077816475272,0.0031836682540964134
1761,799.21904594879,0.9990653936192614,0.0031838206619061553
1762,799.5940021045249,0.9995562245758787,0.0031839124651986124
1763,799.9689582602596,1.0004900962475969,0.0031835617479328993
1764,800.3439144159944,0.9986245351708668,0.003183578961050235
1765,800.7188705717293,0.9980840000640901,0.0031837975317797356
1766,801.0938267274641,1.0000430057516945,0.003183905113763083
1767,801.468782883199,0.9984733306351378,0.0031835384385031744
1768,801.8437390389337,1.00004508458136,0.00318329243436792
1769,802.2186951946686,0.9988108590478952,0.0031835296526412007
1770,802.5936513504034,0.9988111414380219,0.0031837299344335324
1771,802.9686075061383,0.9985762151907895,0.0031833501700323165
1772,803.3435636618732,0.9990067564856075,0.0031835945604378204
1773,803.7185198176079,1.0019219476154198,0.003183833751047462
1774,804.0934759733427,1.0010048122759363,0.0031838237100623498
1775,804.4684321290775,1.000787191301788,0.0031834114917628246
1776,804.8433882848125,1.0007161464822625,0.0031834462766041076
1777,805.2183444405473,1.0018022676391836,0.0031832033206250472
1778,805.5933005962821,1.0023785654867843,0.003183154908732541
1779,805.9682567520168,1.0031338546533304,0.003183866563552383
1780,806.3432129077518,1.001757734580702,0.003183686901640193
1781,806.7181690634866,1.0027020549760453,0.003182992280634381
1782,807.0931252192214,1.0009637348844966,0.003182470508015147
1783,807.4680813749563,1.0008530294207931,0.0031827064711652886
1784,807.843037530691,1.0019773905976086,0.0031825899240166622
1785,808.2179936864259,1.0027838098970099,0.00318248252133662
1786,808.5929498421607,1.0030101433698446,0.0031825259127365706
1787,808.9679059978956,1.0060564213516554,0.003182779268307354
1788,809.3428621536304,1.0025172941506195,0.0031828081361395515
1789,813.4673798667135,1.0046728127517803,0.003183299606500143
1790,813.8423360224483,1.0061853354532728,0.003183654268438578
1791,814.2172921781831,1.0039008340000048,0.0031841419734297523
1792,814.5922483339181,1.0055009531893029,0.0031844844427434075
1793,814.9672044896529,1.004114292237301,0.0031842093914726498
1794,815.3421606453876,1.0030354685252068,0.0031833620040504847
1795,815.7171168011224,1.002702657193621,0.0031832942274009754
1796,816.0920729568574,1.0026764500328307,0.003183703935454223
1797,816.4670291125922,1.0034415409989115,0.0031826759896033396
1798,816.841985268327,1.0026982394947368,0.003182809749869302
1799,817.2169414240617,1.0036270686131625,0.0031833560870414006
1800,817.5918975797966,1.0035911530779669,0.0031837943043202355
1801,817.9668537355315,1.0019017456677455,0.003183233264277079
1802,818.3418098912663,1.0054326489293903,0.00318333259830837
1803,818.7167660470012,1.0046706010800024,0.0031834708411569708
1804,819.091722202736,1.0045836448884944,0.0031834767581660553
1805,819.4666783584707,1.0025680603801757,0.003183278807316696
1806,819.8416345142056,1.003009167655712,0.003183127116720176
1807,820.2165906699405,1.0055282189764896,0.003183212823700243
1808,820.5915468256753,1.0057044549272809,0.0031834665378776376
1809,820.9665029814101,1.002849214379105,0.003183561389326288
1810,821.3414591371449,1.0045624583517607,0.003183765795094648
1811,821.7164152928798,1.0056193570117498,0.003183731010253366
1812,822.0913714486146,1.007583718666997,0.0031835855952725414
1813,822.4663276043494,1.0051743023350834,0.0031839691250431746
1814,822.8412837600844,1.0061317211988603,0.003184002116851401
1815,823.2162399158191,1.0082683144328417,0.0031840010410315667
1816,823.5911960715539,1.006586545169446,0.003184104319735581
1817,823.9661522272887,1.008722435001312,0.003184501117950827
1818,824.3411083830237,1.0073866891988996,0.0031841704826553394
1819,824.7160645387585,1.0070075317295888,0.0031838525778945482
1820,825.0910206944932,1.009413458971922,0.0031838238893656555
1821,825.465976850228,1.0073882559181966,0.0031841272705586945
1822,825.8409330059629,1.0112331099407834,0.003184672711214265
1823,826.2158891616978,1.0093289934555152,0.0031847745554918344
1824,826.5908453174326,1.009255599049946,0.0031843996322798687
1825,826.9658014731673,1.0091562203640254,0.0031838000420260134
1826,827.3407576289022,1.0094433087904577,0.0031840618248521585
1827,827.715713784637,1.0115954101530715,0.0031843341865733328
1828,828.0906699403719,1.0097600355078447,0.003184478346431018
1829,828.4656260961068,1.0074463802338856,0.0031849920504015013
1830,828.8405822518415,1.0091849285642853,0.0031850262973328668
1831,829.2155384075763,1.0080446531242706,0.003185115231772434
1832,829.5904945633112,1.0077043429726344,0.0031852134899838912
1833,829.9654507190461,1.007717143961509,0.0031848821374751814
1834,830.3404068747809,1.0074805444547106,0.0031847381569208018
1835,830.7153630305156,1.008715578801625,0.003184841614928121
1836,831.0903191862504,1.0065272809235153,0.003185161312721967
1837,831.4652753419854,1.0077162574457108,0.0031855227881860144
1838,831.8402314977202,1.0087668111021413,0.0031850915637360974
1839,832.215187653455,1.007398074566763,0.0031850115944618094
1840,832.5901438091897,1.0105857963209046,0.003185380421361385
1841,832.9650999649247,1.0080483477469884,0.0031854503496505605
1842,833.3400561206595,1.008000072118285,0.00318504279323698
1843,833.7150122763943,1.009835616902501,0.003184790334182725
1844,834.0899684321292,1.0079659894052653,0.0031847639765968053
1845,834.4649245878641,1.0084715194650544,0.003184556522672251
1846,834.8398807435988,1.008241514917891,0.0031848715585801523
1847,835.2148368993336,1.0090865296045974,0.0031868621838786883
1848,835.5897930550685,1.0081993178374113,0.003188731779445958
1849,835.9647492108033,1.0089518073559942,0.0031855830340966887
1850,836.3397053665382,1.0084534746881095,0.0031849479417883292
1851,836.7146615222729,1.0076230746339885,0.00318466482186882
1852,837.0896176780078,1.0074036132929485,0.003184475477578129
1853,837.4645738337426,1.0108945008954615,0.0031850386692609516
1854,837.8395299894775,1.0070210347053854,0.0031845927419399773
1855,838.2144861452124,1.0084324126007294,0.0031845016558607435
1856,838.5894423009471,1.004875165178269,0.0031848290636967303
1857,838.9643984566819,1.0051075741676647,0.0031845879007507266
1858,839.3393546124167,1.0061606022119483,0.003184877834195848
1859,839.7143107681517,1.0043663240650609,0.003185044944876647
1860,840.0892669238865,1.006064086984722,0.0031857861847419096
1861,840.4642230796212,1.002626815536666,0.0031893268871171733
1862,840.839179235356,1.0016100280756772,0.003186665488152468
1863,841.214135391091,1.0030004873710139,0.003184982547326306
1864,841.5890915468258,1.0007903905119884,0.003185223710272309
1865,841.9640477025606,1.0021303665985595,0.003185232316830977
1866,842.3390038582953,1.0037609146307205,0.003185462721578646
1867,842.7139600140302,1.0033496616867739,0.003185572813808271
1868,843.0889161697651,1.0029650333194762,0.0031856893609568974
1869,843.4638723254999,1.0046954134835968,0.003186421277050269
1870,843.8388284812348,1.005061644597756,0.0031871381316659736
1871,844.2137846369695,1.0033659942111908,0.0031872164872105116
1872,844.5887407927044,1.0018929173110565,0.0031866647709392457
1873,844.9636969484392,1.001490516757039,0.0031861074962655066
1874,850.2130831287268,1.0081508352576938,0.0031750032425510136
1875,850.5880392844616,1.0045069208736552,0.003174810132890905
1876,850.9629954401966,1.0014827163657134,0.003175221275370597
1877,851.3379515959314,1.0006910596277587,0.0031757767570112804
1878,851.7129077516662,1.0033333552468222,0.0031756381555560678
1879,852.0878639074009,1.0023290318808495,0.003175000373698125
1880,852.4628200631358,1.0030734403829462,0.003174880240483386
1881,852.8377762188707,1.0038159959674786,0.0031751502712615877
1882,853.2127323746055,1.0054605357521098,0.0031754963266413553
1883,853.5876885303404,1.0084775159329549,0.0031754246053191234
1884,853.9626446860751,1.0070168093502505,0.0031757093389683825
1885,854.33760084181,1.0079608378364575,0.003175905855391297
1886,854.7125569975448,1.0010653135869771,0.003175391254904286
1887,855.0875131532797,1.001756413426088,0.0031752802661581324
1888,855.4624693090145,1.0000374057293855,0.0031755807784982827
1889,855.8374254647492,0.997811372397033,0.0031759671771218042
1890,856.212381620484,0.9984394476540357,0.0031759743492540283
1891,856.587337776219,0.9966650178443275,0.003175735696554303
1892,856.9622939319538,0.996361994354394,0.0031752496052928785
1893,857.3372500876886,0.9961481161624786,0.003174786285551263
1894,857.7122062434233,0.99512414921867,0.00317470649558028
1895,858.0871623991583,0.9966117387241746,0.003174756879809148
1896,858.4621185548931,0.995830438906552,0.003174938334754394
1897,858.8370747106279,0.995467148881871,0.0031751534987210887
1898,859.2120308663629,0.99720006583475,0.0031753082374738036
1899,859.5869870220976,0.9946418591403597,0.003175349118627475
1900,859.9619431778324,0.9990727269296691,0.003175448631962071
1901,860.3368993335672,0.9968603263862467,0.003175507802052912
1902,860.7118554893021,0.9957228281720569,0.0031754656657761015
1903,861.086811645037,0.9961498350401152,0.003176172838013304
1904,861.4617678007717,0.9956016323841254,0.003176247966098341
1905,861.8367239565065,0.996147939605024,0.003175978293926751
1906,862.2116801122414,0.9951712325308217,0.0031760593390208723
1907,862.5866362679762,0.9953225309845826,0.003175773350248474
1908,862.9615924237111,0.9964830818370907,0.003176015051104394
1909,863.336548579446,0.9944785239477891,0.003176431931289865
1910,863.7115047351807,0.9937187460793683,0.0031764859015848443
1911,864.0864608909155,0.9932978659879292,0.0031765976075442204
1912,864.4614170466504,0.9929112304988698,0.003176484287855094
1913,864.8363732023853,0.991662864931617,0.003176342638243687
1914,865.2113293581201,0.993605160445701,0.0031763648718535786
1915,865.5862855138548,0.9941256897674279,0.003176977730552047
1916,865.9612416695896,0.9961397295545664,0.0031769838268644367
1917,866.3361978253246,0.9943185196920156,0.0031767256301044027
1918,866.7111539810594,0.9950942142908316,0.003176611234595444
1919,867.0861101367942,0.9932934078862573,0.0031772072387831873
1920,867.4610662925289,0.9972891006412293,0.0031775568802290665
1921,867.8360224482639,0.9962514883578186,0.0031776079816711565
1922,868.2109786039987,0.9981852230386526,0.003177432443734994
1923,868.5859347597335,0.9969059739131177,0.0031776031404819054
1924,868.9608909154684,0.997580380077967,0.003177745148699924
1925,869.3358470712031,0.9981631461090995,0.003177835517565936
1926,869.710803226938,0.9970469313813377,0.0031779387962699492
1927,870.0857593826728,0.995767807410069,0.0031802098519384107
1928,870.4607155384077,0.9972074963972132,0.003180080036345171
1929,870.8356716941425,0.996562207458408,0.0031788586222275678
1930,871.2106278498773,0.9961826117729364,0.003178422377285095
1931,871.5855840056121,0.9982679117153228,0.0031786298312096494
1932,871.960540161347,0.9966709792705359,0.0031787069316310482
1933,872.3354963170818,1.0002106101203003,0.0031786129766989252
1934,872.7104524728167,0.9979888040404439,0.0031784695340544623
1935,873.0854086285514,0.9998304894213319,0.0031787960453739214
1936,873.4603647842863,1.0015204820596513,0.0031789708660968606
1937,873.8353209400211,1.0022299386086668,0.003179083827179375
1938,874.2102770957559,1.001858582444922,0.0031793171007799335
1939,874.5852332514909,1.0010878027063712,0.003179690589565453
1940,874.9601894072256,1.0026051361261754,0.003179652935871282
1941,875.3351455629604,1.0006092100731148,0.003179524375401182
1942,875.7101017186952,1.002169169975463,0.0031797237606769856
1943,876.0850578744302,1.0007514022322834,0.0031801288068442884
1944,876.460014030165,0.9991615241160502,0.003180003294530383
1945,876.8349701858998,0.9985529564942273,0.003179767152076936
1946,877.2099263416345,0.9979484678435825,0.0031798906920544804
1947,877.5848824973694,0.9988797003468709,0.003179783827284355
1948,877.9598386531043,0.9959757664016764,0.0031796240680390837
1949,878.3347948088391,0.9940966494618871,0.003179518099785487
1950,878.709750964574,0.9942557095949034,0.0031795263477375434
1951,882.834268677657,0.9926514369041877,0.0031812738377537146
1952,883.2092248333919,0.990594572290944,0.003181798120619227
1953,883.5841809891267,0.991132500663341,0.003182122659602324
1954,883.9591371448615,0.9898686407875086,0.003181805651358061
1955,884.3340933005965,0.9920461402854519,0.0031812236328281522
1956,884.7090494563312,0.988950830531373,0.0031813043193156627
1957,885.084005612066,0.9910694903941881,0.003181620789650009
1958,885.4589617678008,0.9923174313533221,0.0031820118501594765
1959,885.8339179235358,0.9947553975922658,0.0031821818296931654
1960,886.2088740792706,0.9943594424471853,0.0031821601339931905
1961,886.5838302350053,0.9965050026489833,0.0031863536797040667
1962,886.9587863907401,0.9958207537889092,0.0031934137473612315
1963,887.333742546475,0.9939105300579427,0.0031877400528628015
1964,895.9577341283762,1.0024002847561706,0.0031866554471673557
1965,896.3326902841109,0.9967970146755294,0.0031867099553722516
1966,896.7076464398457,0.9903093100535275,0.0031870567279652408
1967,897.0826025955806,0.9948492150529303,0.003187131676746973
1968,897.4575587513154,0.9941292982869874,0.0031866068559715435
1969,897.8325149070503,0.9945288747966097,0.003186526886697256
1970,898.207471062785,0.9941417159158898,0.003187134186993251
1971,898.5824272185199,0.9917149130839785,0.003187824684023035
1972,898.9573833742547,0.9944168890927678,0.003187987312121195
1973,899.3323395299896,0.9953897689141508,0.003187582624560503
1974,899.7072956857245,0.9968024508815976,0.003187787030328863
1975,900.0822518414592,0.998261485614562,0.0031879959186798625
1976,900.457207997194,0.9991402792593929,0.003187776272130529
1977,900.8321641529288,1.000202335403018,0.0031878994535014613
1978,901.2071203086638,0.9996017903453625,0.0031877583417999704
1979,901.5820764643986,0.9979051175719081,0.0031875609288605283
1980,901.9570326201333,0.9934010235417252,0.003187538515947331
1981,902.3319887758681,0.9931304234657441,0.0031881881318234426
1982,902.7069449316031,0.9939004639124449,0.0031887735571161577
1983,903.0819010873379,0.991342630354104,0.003188903193406091
1984,903.4568572430727,0.9916453355641767,0.003188520560151986
1985,903.8318133988074,0.9934909245592872,0.003188958418824209
1986,904.2067695545423,0.9949666839907372,0.0031891353911868156
1987,904.5817257102772,0.9967157045242696,0.0031892193051338263
1988,904.956681866012,0.9989188214418515,0.0031895002734136685
1989,905.3316380217469,0.9996968629475046,0.00318968997631097
1990,905.7065941774816,0.9984787653911247,0.0031897437673026443
1991,906.0815503332165,1.0004452447974348,0.0031896914107374147
1992,906.4565064889513,0.9972575908026107,0.0031896317027366576
1993,906.8314626446862,0.9969042614351609,0.0031900935880518283
1994,907.206418800421,1.00067874823408,0.0031901134907187474
1995,907.5813749561559,0.9992224604076294,0.0031901522202327525
1996,907.9563311118906,1.0003194183016466,0.0031904936137265747
1997,908.3312872676255,1.001435801546561,0.0031903105450515785
1998,908.7062434233603,1.0004821578990668,0.0031905434600455257
1999,909.0811995790951,1.0012518076530896,0.0031909350584649098
2000,909.4561557348301,0.9987625809090577,0.0031913366978694063
2001,909.8311118905648,0.9978804540006805,0.003192116308642063
2002,910.2060680462996,0.9964822905614834,0.003192282164199723
2003,911.3309365135042,0.9973236447502402,0.0031928442800627124
2004,911.7058926692389,1.0022793159323424,0.0031929626202443937
2005,912.0808488249737,1.001663429500924,0.0031929604686047274
2006,912.4558049807086,1.0027690086548027,0.0031929127739254437
2007,912.8307611364435,1.0041050226748327,0.0031930666161616304
2008,913.2057172921783,1.0033188427577446,0.003192895919414719
2009,913.580673447913,1.002263808649069,0.003192902015727109
2010,913.9556296036479,1.0020362243384833,0.0031933653354687245
2011,914.3305857593828,1.0008326944556727,0.003193373942027392
2012,914.7055419151176,0.9992642481071852,0.003193568127507334
2013,915.0804980708525,0.9974735671404189,0.0031940029380233626
2014,915.4554542265872,0.997538303691479,0.003193825786357451
2015,915.830410382322,0.9996965703996529,0.0031937390035575506
2016,916.2053665380569,1.002160834333299,0.003193905755631739
2017,916.5803226937918,1.0030540308711229,0.003194147456487659
2018,916.9552788495266,1.0053450827922057,0.003194677477058949
2019,917.3302350052613,1.0035859672806224,0.003194662594884587
2020,917.7051911609962,1.0035978855618395,0.0031943073950362355
2021,918.0801473167311,1.006130709703235,0.0031946649258275594
2022,918.4551034724659,1.0056827083666682,0.0031948824207372268
2023,918.8300596282007,1.00416124055503,0.003195440591927493
2024,919.2050157839354,1.0055227567118978,0.0031960331893524313
2025,919.5799719396704,1.0051526712692818,0.0031956130817074593
2026,919.9549280954052,1.0057445462742125,0.0031958243010014316
2027,920.32988425114,1.0067885591222838,0.0031967738913077776
2028,920.704840406875,1.0059781764869609,0.0031976600082439474
2029,921.0797965626098,1.005249859719758,0.003196664516291374
2030,921.4547527183445,1.0059692624010395,0.0031966664886277354
2031,921.8297088740793,1.003886949097321,0.003196513542908076
2032,922.2046650298142,1.003121493949733,0.0031961734045373937
2033,922.5796211855491,1.0023664082731498,0.0031962901309893254
2034,922.9545773412839,1.003139085913987,0.0031969022724745713
2035,923.3295334970186,1.0004809701617665,0.0031973673852492427
2036,923.7044896527535,0.9996828056139697,0.0031976763248447553
2037,924.0794458084883,1.0001760422821995,0.0031981767603706255
2038,924.4544019642232,0.9998484264387233,0.00319855293870573
2039,924.8293581199581,0.998694321700065,0.003198575710225538
2040,925.2043142756928,0.9987422645239419,0.0031984848034496095
2041,925.5792704314276,0.9983418648163501,0.003199096227721633
2042,925.9542265871625,0.9984736534486272,0.0031995622370128325
2043,926.3291827428974,1.000550930826846,0.0031995566786103594
2044,926.7041388986322,0.9988420822713819,0.0031993244808296347
2045,927.0790950543669,1.0007274511420572,0.003199545920412024
2046,927.4540512101017,1.0011985235904945,0.00319992245735374
2047,927.8290073658367,1.000941917241277,0.003199920305714073
2048,928.2039635215715,1.0018473401162566,0.003199705858960601
2049,928.5789196773063,1.002714727378228,0.0031998302954546727
2050,928.953875833041,0.999764495876161,0.0031996201519805343
2051,929.328831988776,1.0008300009185893,0.00319969008026971
2052,929.7037881445108,0.9968303217006445,0.0032001322422212674
2053,930.0787443002456,0.997558130658522,0.0032008415660981374
2054,930.4537004559805,0.995702715467445,0.0032010560128516085
2055,930.8286566117152,0.9968576828183722,0.003201068384779694
2056,931.2036127674501,0.9957398470080269,0.0032010158489111594
2057,931.5785689231849,0.9949688063845648,0.003201204296685323
2058,931.9535250789198,0.9951452969449317,0.003201593384858428
2059,932.3284812346546,0.9957250766898533,0.0032019394402381957
2060,932.7034373903894,0.9964327242486576,0.0032022514279899028
2061,933.0783935461242,0.9960474952113725,0.0032026955622778217
2062,933.4533497018591,0.995672805079168,0.0032028017098347243
2063,933.8283058575939,0.9964744109810515,0.0032027708696661644
2064,934.2032620133288,0.9986834366603243,0.0032028949475536245
2065,934.5782181690635,0.9985755120185758,0.003203788774531935
2066,934.9531743247984,0.9997692662605656,0.0032041090102356987
2067,935.3281304805332,0.9996985051005467,0.003204461879141078
2068,935.703086636268,1.0007566744816645,0.003204741592297781
2069,936.078042792003,1.000349151769278,0.003204522483658364
2070,936.4529989477378,1.0025018478789995,0.0032052959981186306
2071,936.8279551034725,1.00118241203842,0.003205860086317982
2072,937.2029112592073,0.9994369253671802,0.0032059484828476322
2073,937.5778674149423,0.9998796157208267,0.003205921228745184
2074,937.9528235706771,0.9991436690564275,0.0032064474839470576
2075,938.3277797264119,0.9998210340793933,0.0032068057319516036
2076,938.7027358821466,0.9999599473383015,0.003206938057791121
2077,939.0776920378815,0.9987772650525083,0.0032071815516800965
2078,939.4526481936164,0.998593978509739,0.0032069905936596556
2079,939.8276043493512,0.997369539898387,0.0032068211520358833
2080,940.2025605050861,0.997403336765596,0.003206748892803735
2081,940.5775166608208,0.9961815165223722,0.0032066771714815037
2082,940.9524728165557,0.9969160314216419,0.0032067334727194554
2083,941.3274289722905,0.9943120670612982,0.0032066438210666664
2084,941.7023851280254,0.9943534498983508,0.0032065373149031524
2085,942.0773412837602,0.9947593274841788,0.0032069789389447927
2086,942.4522974394949,0.9958947407338128,0.0032067141079624526
2087,942.8272535952298,0.9941070119973706,0.003206780270882212
2088,943.2022097509647,0.9942815370365792,0.003207260265831246
2089,943.5771659066995,0.9976032327929318,0.0032076328581002386
2090,943.9521220624343,0.996538062670069,0.0032076167208027373
2091,944.327078218169,0.996777296479787,0.0032077099585216375
2092,944.702034373904,0.9945222599348111,0.003207936418596583
2093,945.0769905296388,0.9952381301636263,0.003208105143007133
2094,945.4519466853736,0.9941163487859986,0.0032081467413740275
2095,945.8269028411086,0.9930046822697998,0.003208423585677841
2096,946.2018589968433,0.993775267260919,0.003208759958679107
2097,946.5768151525781,0.9914455444364869,0.0032085650559859425
2098,946.9517713083129,0.9914317115417135,0.0032081759678128366
2099,947.7016836197827,0.9932561805615926,0.003299570986642366
2100,948.0766397755174,0.9920545217174418,0.003299994501050143
2101,948.4515959312522,0.9949998368778523,0.003300201954974697
2102,948.8265520869871,0.9914673446152176,0.0032999575645691935
2103,949.201508242722,0.9915158214071341,0.0033005847675321083
2104,949.5764643984568,0.9881043556388012,0.0033006970114014007
2105,949.9514205541917,0.9886040977901227,0.0033008885073317583
2106,950.3263767099264,0.9859036002934678,0.0033013166836254808
2107,950.7013328656612,0.9887072025470067,0.0033015291580425913
2108,951.0762890213961,0.9856847423016216,0.0033017480873787034
2109,951.451245177131,0.9868412471814692,0.0033023629184135324
2110,951.8262013328658,0.9845435534821818,0.003303045705401177
2111,952.2011574886005,0.9854924954188282,0.0033023892759994522
2112,952.5761136443354,0.9860366056360441,0.003302765095727946
2113,952.9510698000703,0.9844855751899421,0.00330278195023867
2114,967.9493160294634,0.9819160764732017,0.0033115993695938123
2115,968.3242721851983,0.983046350712751,0.0033116375611979003
2116,968.6992283409331,0.9818005760855323,0.0033114229351411226
2117,969.074184496668,0.9826421563984009,0.003311559384956668
2118,969.4491406524027,0.9832942064872436,0.0033121354864774927
2119,969.8240968081376,0.9843111228390746,0.0033129495234848205
2120,970.1990529638724,0.9827592304856166,0.0033129875357856033
2121,970.5740091196072,0.9828666740412211,0.0033132252919688006
2122,970.9489652753422,0.9842686507011742,0.003313178852412655
2123,971.3239214310769,0.9850913674117361,0.003312867581874171
2124,971.6988775868117,0.982183707183568,0.003312912766307177
2125,972.0738337425465,0.9861522829944549,0.0033133981403553783
2126,972.4487898982815,0.9831186768986657,0.0033135512653783426
2127,972.8237460540163,0.9846993678458501,0.0033133705276463194
2128,973.198702209751,0.9850829745311716,0.0033137051076145294
2129,973.5736583654858,0.9858516524534507,0.0033138849488300245
2130,973.9486145212207,0.9858891359773239,0.0033142505482701
2131,974.3235706769556,0.9864433194553652,0.0033144904560929644
2132,974.6985268326904,0.9858479256060099,0.003313375906745487
2133,975.0734829884251,0.9863582859150322,0.003313607208009684
2134,975.44843914416,0.9879786351796445,0.0033142492931469607
2135,975.8233952998949,0.9875905374656985,0.0033143730124278103
2136,976.1983514556297,0.9876823830636711,0.0033135433760328975
2137,976.5733076113646,0.9881522934459872,0.0033138119723846544
2138,976.9482637670993,0.9893900465664084,0.003314232617939542
2139,977.3232199228341,0.9884952237280342,0.0033136007530906826
2140,977.698176078569,0.9876189993060119,0.0033137129969599746
2141,978.0731322343039,0.9877563189104313,0.0033141092572653037
2142,978.4480883900387,0.9854550280310229,0.0033141058505024978
2143,978.8230445457735,0.9895735288424135,0.0033150292625262288
2144,979.1980007015082,0.9870531553284375,0.0033152740115383436
2145,979.5729568572432,0.9893989012115225,0.0033151137143831565
2146,979.947913012978,0.988415135507724,0.0033149751129279434
2147,980.3228691687128,0.9872647428795305,0.0033148583864760113
2148,980.6978253244478,0.9894584209097043,0.003314831490980175
2149,981.0727814801825,0.9881162528254066,0.0033148418905718986
2150,981.4477376359173,0.9883061403911362,0.003314861793238818
2151,981.8226937916521,0.9881633116722457,0.0033152698875623153
2152,982.197649947387,0.9885531884095485,0.0033150705022865117
2153,982.5726061031219,0.9875383347405808,0.0033147638936339725
2154,982.9475622588566,0.9862304598395149,0.0033149595135403584
2155,983.3225184145914,0.9884481252522012,0.0033154335914803088
2156,983.6974745703263,0.9892017893875773,0.0033155856406834393
2157,984.0724307260612,0.9888352109436263,0.0033154314398406415
2158,984.447386881796,0.9880898210907765,0.0033152221928830308
2159,984.8223430375307,0.9910683894909013,0.003315916993192149
2160,985.1972991932656,0.9903546446983108,0.0033160007278358545
2161,985.5722553490004,0.9894195888907895,0.003315792556698077
2162,985.9472115047353,0.9885026520353126,0.003315978673529268
2163,986.3221676604702,0.988063645447113,0.003316684052733415
2164,986.6971238162049,0.9875475484896817,0.003316283668452058
2165,987.0720799719397,0.9850717391988574,0.0033157276489014583
2166,987.4470361276746,0.9849347195411929,0.0033163666858825407
2167,987.8219922834095,0.9880710710778688,0.00331620692663727
2168,988.1969484391443,0.9869759962087163,0.0033157975771906335
2169,988.571904594879,0.9860895921976106,0.0033154950925141217
2170,988.9468607506138,0.9874816498009356,0.0033155838476503835
2171,989.3218169063488,0.9880520534118108,0.003316351265798261
2172,989.6967730620836,0.9888199926067073,0.003316355031167678
2173,990.0717292178184,0.9894761781447536,0.003316520528118727
2174,990.4466853735531,0.9892247359069649,0.003318382055037246
2175,990.8216415292881,0.9888934122540669,0.0033184111021727497
2176,991.1965976850229,0.9902777540797825,0.00331763364303976
2177,991.5715538407577,0.9889605254668086,0.0033166779564210254
2178,991.9465099964926,0.9894717410553938,0.0033163580793238723
2179,992.3214661522273,0.9891517904343813,0.003316559616239343
2180,992.6964223079622,0.99072521171729,0.0033169128437513335
2181,993.071378463697,0.989762262586284,0.003317558694258028
2182,993.4463346194319,0.9903420136337309,0.0033188023419855224
2183,993.8212907751667,0.9893851819723456,0.0033182106410771127
2184,994.1962469309016,0.9881185181475065,0.003317275395035214
2185,994.5712030866363,0.989615847051641,0.003316484308851
2186,994.9461592423712,0.9891811505646875,0.0033162709379173615
2187,995.321115398106,0.9937671807956702,0.0033163118190710343
2188,995.6960715538409,0.9937362642388705,0.0033161402258075944
2189,996.0710277095758,0.9878627318930306,0.0033159768804962124
2190,996.4459838653105,0.9888797043704305,0.0033162090782769367
2191,996.8209400210453,0.9880614019030682,0.0033172865118401597
2192,997.1958961767801,0.9887728467478372,0.0033168796726398006
2193,997.5708523325151,0.9884482973601159,0.0033160012657457707
2194,997.9458084882499,0.9883358578577783,0.003315994990130075
2195,998.3207646439846,0.9903387557430994,0.003316121219657203
2196,998.6957207997194,0.9903267949443553,0.0033163007022660876
2197,999.0706769554544,0.9903392389439826,0.003316338355960259
2198,999.4456331111892,0.9893876522684828,0.0033161081305158957
2199,999.820589266924,0.9908263921984783,0.0033203335922151653
2200,1000.1955454226587,0.9906815461339036,0.0033187471165674045
2201,1000.5705015783936,0.9906693762747736,0.003315556234941324
2202,1000.9454577341285,0.9939150302074978,0.00331621140921991
2203,1001.3204138898633,0.9907117049253018,0.0033162214502050215
2204,1001.6953700455982,0.9939281442582667,0.0033160835659630317
2205,1005.8198877586811,0.9956115126034452,0.0033166632535499684
2206,1006.1948439144161,0.9924313719536368,0.0033150003946940303
2207,1006.5698000701509,0.9943580813558486,0.0033179076184906846
2208,1006.9447562258857,0.9912938027364565,0.0033159422749582355
2209,1007.3197123816207,0.9939640920843831,0.003313863432433355
2210,1007.6946685373555,0.9936480266040411,0.003313645220310466
2211,1008.0696246930902,0.9920949447563677,0.0033135451690659533
2212,1008.444580848825,0.993480622030867,0.0033137653535252032
2213,1008.81953700456,0.9911338112433655,0.0033137800563962606
2214,1009.1944931602948,0.9912537195988991,0.0033133558247752616
2215,1009.5694493160296,0.9908854972977696,0.003312579800068717
2216,1009.9444054717643,0.9913756083530127,0.0033125901996604403
2217,1010.3193616274992,0.9912669826358986,0.0033134542622900243
2218,1010.694317783234,0.9921798376289804,0.0033144506507591254
2219,1011.0692739389689,0.9923143007549546,0.003313328032762897
2220,1011.4442300947038,0.9909449133468997,0.0033132844620596415
2221,1011.8191862504385,0.989263006731022,0.0033128605890452526
2222,1012.1941424061733,0.9896970656008842,0.003312181746730332
2223,1012.5690985619082,0.9909164643381502,0.0033133013165703657
2224,1012.9440547176431,0.9890106451909285,0.003313109103426785
2225,1013.3190108733779,0.9876641042520229,0.003312650804177726
2226,1013.6939670291126,0.9890483024499203,0.0033122947078128464
2227,1014.0689231848474,0.9893872534612544,0.003311618017137592
2228,1014.4438793405824,0.9899737351989817,0.003310795732178208
2229,1014.8188354963172,0.9886793679325789,0.003310895962726027
2230,1015.193791652052,0.9888163450727165,0.003311657284561514
2231,1015.5687478077867,0.9881621700405512,0.0033112237291686246
2232,1015.9437039635217,0.9851315498785168,0.0033106897639246114
2233,1016.3186601192565,0.9869102829496678,0.003310448780281913
2234,1016.6936162749913,0.9851927778090749,0.003310549369436343
2235,1017.0685724307262,0.9888079459168155,0.003310807207589765
2236,1017.443528586461,0.9867147648517766,0.0033113178634040534
2237,1017.8184847421958,0.9878667858952591,0.003311117043701805
2238,1018.1934408979306,0.9892572224160006,0.003310299779234978
2239,1018.5683970536655,0.9878164226227937,0.0033103835138786823
2240,1018.9433532094004,0.9879858251511766,0.0033101269308483993
2241,1019.3183093651351,0.9871484503735788,0.0033095929656043856
2242,1019.6932655208699,0.986576984185037,0.003309121756517325
2243,1020.0682216766048,0.9874938738694875,0.0033092053118577245
2244,1020.4431778323396,0.9870631962795569,0.0033090550556876494
2245,1020.8181339880745,0.9876353712286265,0.0033090606140901216
2246,1021.1930901438092,0.9858771070480198,0.0033092004706684734
2247,1021.5680462995441,0.985020403376317,0.0033088402503275655
2248,1021.9430024552789,0.9844509961340626,0.0033083043127471908
2249,1022.3179586110138,0.983464668540161,0.0033080290821731278
2250,1022.6929147667487,0.9823992814597393,0.0033080111518425694
2251,1023.0678709224835,0.9840331159368767,0.0033076511108049676
2252,1023.4428270782182,0.982940519404164,0.003307373907894543
2253,1023.817783233953,0.9836518057436927,0.0033071804396278227
2254,1024.1927393896879,0.9840119107861455,0.00330711284228162
2255,1024.5676955454228,0.9840301842948437,0.0033071859980302962
2256,1024.9426517011577,0.9814776446556975,0.003307035741860221
2257,1025.3176078568924,0.9828587046899362,0.0033067379190696543
2258,1025.6925640126271,0.9843214822051332,0.0033064237796782813
2259,1026.067520168362,0.9861334754962475,0.003306358871881661
2260,1026.442476324097,0.9842608887884385,0.003306029850315925
2261,1026.8174324798317,0.9838381439336761,0.0033057476269129434
2262,1027.1923886355664,0.9846131747566867,0.003305684153542768
2263,1027.5673447913014,0.9836170638368023,0.0033058003420847843
2264,1027.9423009470363,0.9852826183257766,0.0033160019829589936
2265,1028.317257102771,0.9858783117694303,0.003316185230937295
2266,1028.692213258506,0.9874467545217881,0.0033053571043133926
2267,1029.0671694142407,0.9854348048456072,0.0033051950141251493
2268,1029.4421255699756,0.9844840384768601,0.0033049927599964565
2269,1029.8170817257103,0.985494788778218,0.0033050280827476557
2270,1030.1920378814452,0.9844012851414163,0.0033051118173913607
2271,1030.5669940371802,0.9847547552454674,0.003303825495477139
2272,1030.9419501929149,0.985567845160994,0.0033038907618803694
2273,1031.3169063486496,0.985709331238841,0.0033038592044985875
2274,1031.6918625043845,0.9823595467066595,0.003303326135771102
2275,1032.0668186601195,0.9831649832454815,0.0033031825138233333
2276,1032.4417748158542,0.9845395130477399,0.003303163149066331
2277,1032.8167309715889,0.9852068982350094,0.0033030128928962558
2278,1033.1916871273238,0.9859387422367121,0.00330281601786673
2279,1033.5666432830587,0.9844398725599839,0.0033030458847044825
2280,1033.9415994387934,0.9850972181898581,0.0033022485229045736
2281,1034.3165555945284,0.9840173199138921,0.003301977237003233
2282,1034.691511750263,0.9838370919297049,0.0033024505977299608
2283,1035.066467905998,0.9843079325431615,0.0033027955772898946
2284,1035.4414240617327,0.9863128689269248,0.003302350546485448
2285,1039.5659417748159,0.9836652855208732,0.003474254721856207
2286,1039.9408979305508,0.9787939548413572,0.0034739549267292793
2287,1040.3158540862858,0.9784031740316281,0.0034736766479990214
2288,1040.6908102420205,0.9771169078771,0.003473903645983884
2289,1041.0657663977552,0.9792170218530023,0.003474176187008363
2290,1041.44072255349,0.9802632815549888,0.003474166504629862
2291,1041.815678709225,0.981088718660894,0.003474153953398472
2292,1042.1906348649597,0.9787347640682963,0.0034732904286788047
2293,1042.5655910206945,0.9815578745214819,0.003472958717563484
2294,1042.9405471764294,0.98046015815715,0.0034729303876412025
2295,1043.3155033321643,0.9822519583200541,0.0034729811304766815
2296,1043.690459487899,0.9830462767890229,0.0034728475495140257
2297,1044.065415643634,0.9844761322474953,0.003472637047433276
2298,1044.4403717993687,0.985895589185032,0.0034725780566457402
2299,1044.8153279551036,0.9830482103690334,0.0034723250596815683
2300,1045.1902841108383,0.9848202378512487,0.0034724606129805866
2301,1045.5652402665733,0.9844442495698208,0.0034722375596684457
2302,1045.9401964223082,0.9844328266877028,0.003472344424438571
2303,1046.315152578043,0.9832137714720882,0.0034725018527408695
2304,1046.6901087337776,0.9835992393246034,0.0034723168117295118
2305,1047.0650648895125,0.9840833462187328,0.0034720636354620346
2306,1047.4400210452475,0.984278451342254,0.003471815300383808
2307,1047.8149772009822,0.9848025738955155,0.0034715526210411353
2308,1048.189933356717,0.9858045906858741,0.003471278645590211
2309,1048.5648895124518,0.9850485222487118,0.0034710226004698442
2310,1048.9398456681868,0.9839580583444838,0.0034713614837173883
2311,1049.3148018239215,0.9847207647517104,0.0034717385585690203
2312,1049.6897579796564,0.9871128983731237,0.003471582923299778
2313,1050.0647141353911,0.986808193373995,0.0034710633023202113
2314,1050.439670291126,0.9860844149468891,0.0034712510328811516
2315,1050.8146264468608,0.985605919687348,0.0034703925286540408
2316,1051.1895826025957,0.9854036404394193,0.003469651647395389
2317,1051.5645387583306,0.9851285730263322,0.003469307205745372
2318,1051.9394949140653,0.9853727767645151,0.003469089710835705
2319,1052.3144510698,0.9838029117660374,0.003468839224117812
2320,1052.689407225535,0.9865115682624179,0.0034687092292212673
2321,1053.06436338127,0.9857500606564057,0.003468516836774381
2322,1053.4393195370046,0.9846632375071953,0.0034682426820201503
2323,1053.8142756927396,0.9874001905704105,0.003468162354139252
2324,1054.1892318484743,0.982300789488209,0.0034677675282603665
2325,1054.5641880042092,0.9836048767627656,0.0034676158376638483
2326,1054.939144159944,0.9853655645640695,0.0034676836143133563
2327,1055.3141003156788,0.9845076211954618,0.003467544295644922
2328,1055.6890564714138,0.985429921703744,0.0034672880712212496
2329,1056.0640126271485,0.9867315322636978,0.0034672932710171113
2330,1056.4389687828832,0.9870177317071367,0.0034671390701743136
2331,1056.8139249386181,0.9865740867259183,0.0034670515701611913
2332,1057.188881094353,0.9888952709272283,0.003467009075277769
2333,1057.5638372500878,0.9868559258654219,0.0034667966008606584
2334,1057.9387934058225,0.987912046171718,0.003466593450215437
2335,1058.3137495615574,0.9880436614213328,0.0034664817442560617
2336,1058.6887057172924,0.9857070910019835,0.00346606450546398
2337,1059.063661873027,0.9840303979953108,0.003465775289232082
2338,1059.438618028762,0.9849288335961409,0.0034657873025535552
2339,1067.687653454928,0.9872582947564996,0.0034634294640851944
2340,1068.062609610663,0.9877900656805094,0.0034632740081192576
2341,1068.437565766398,0.9905485548654351,0.0034633165030026796
2342,1068.8125219221326,0.9949423757251954,0.0034634958063082593
